id,role,career_switch,industry,language,rating_breakin,important_factors,sex,age,country,education,ethnicity,avgsalary
62a33b3db4da29969c62df3d,Data Analyst,Yes,Healthcare,Python,Very Difficult,Remote,Male,26,United States,NA,White Or Caucasian,115500
62a33ba1bae91e4b8b82e35c,Data Analyst,No,Finance,R,Very Difficult,Remote,Male,36,Canada,NA,Asian Or Asian American,53000
62a33c2cbc6861bf3176bec1,Data Engineer,No,Energy,Python,Easy,Good Work/Life Balance,Male,23,Nigeria,NA,Black Or African American,20000
62a33c8624a26260273822f9,Data Analyst,Yes,Finance,R,Very Easy,Remote,Female,35,Canada,NA,White Or Caucasian,187500
62a33c91f3072dd892621e03,Data Analyst,Yes,Healthcare,R,Difficult,Better Salary,Male,44,United States,NA,Black Or African American,53000
62a33cb6cf25554317300177,Data Analyst,Yes,NA,Python,Difficult,Good Work/Life Balance,Male,33,Other,NA,Black Or African American,20000
62a33cb72e54c9003e531c65,Data Scientist,Yes,Finance,Python,Difficult,Better Salary,Male,24,Other,NA,Black Or African American,20000
62a33cd30f8c8599d5af0f8f,Data Engineer,Yes,Retail,SQL,Neither easy nor difficult,Remote,Male,35,United States,NA,Asian Or Asian American,137500
62a33cd3cf255543173001d9,Data Analyst,Yes,Healthcare,R,Neither easy nor difficult,Better Salary,Male,35,United States,NA,Asian Or Asian American,95500
62a33cd8bc6861bf3176c05f,Data Analyst,Yes,Telecommunication,Python,Very Difficult,Better Salary,Male,28,United States,NA,Hispanic Or Latino,53000
62a33ce918134ddc75ce8c30,Data Analyst,Yes,Logistics,Python,Neither easy nor difficult,Remote,Male,37,Canada,NA,White Or Caucasian,75500
62a33cf30a77c1a77f65baa2,Data Analyst,Yes,Other,Python,Neither easy nor difficult,Better Salary,Male,32,Other,NA,White Or Caucasian,20000
62a33d15f408bae018ed370d,Data Analyst,Yes,Tech,R,Neither easy nor difficult,Better Salary,Male,34,Other,NA,Other,20000
62a33d1ebae91e4b8b82e707,Data Scientist,Yes,Education,Python,Easy,Good Work/Life Balance,Male,30,United Kingdom,NA,White Or Caucasian,20000
62a33d4624a26260273824c4,Data Analyst,No,Construction,R,Neither easy nor difficult,Good Culture,Male,31,United States,NA,White Or Caucasian,53000
62a33d5c0f8c8599d5af107c,Data Analyst,Yes,Finance,Python,Difficult,Good Culture,Male,29,United States,NA,White Or Caucasian,53000
62a33d850f8c8599d5af10cb,Data Analyst,Yes,Tech,Python,Neither easy nor difficult,Better Salary,Male,22,Other,NA,Black Or African American,20000
62a33d9bf8f7561645852496,Student/Looking/None,Yes,Retail,Python,Difficult,Better Salary,Male,23,United States,NA,Black Or African American,20000
62a33dbdd8c00e9f5419cd65,Student/Looking/None,No,Tech,R,Very Difficult,Better Salary,Female,26,Canada,NA,Asian Or Asian American,53000
62a33de124a26260273826b2,Data Analyst,No,Other,Python,Very Difficult,Better Salary,Male,28,Nigeria,NA,Black Or African American,20000
62a33dedd8c00e9f5419ce2b,Data Analyst,Yes,Finance,Python,Easy,Remote,Male,29,Other,NA,Black Or African American,53000
62a33dfbd8c00e9f5419ceda,Data Analyst,Yes,Tech,SQL,Neither easy nor difficult,Remote,Female,31,United States,NA,White Or Caucasian,115500
62a33e38f3072dd8926221d3,Data Analyst,Yes,Healthcare,Python,Neither easy nor difficult,Remote,Male,28,Other,NA,White Or Caucasian,20000
62a33e54d8c00e9f5419cfe9,Data Analyst,No,Finance,Python,Neither easy nor difficult,Better Salary,Male,32,Other,NA,Hispanic Or Latino,20000
62a33e62575fa3a5ae88aabf,Data Analyst,No,Tech,Python,Easy,Better Salary,Male,24,Other,NA,Black Or African American,20000
62a33e63cec54911e9ca4f99,Data Analyst,No,Tech,Python,Easy,Good Work/Life Balance,Male,31,India,NA,Asian Or Asian American,20000
62a33e72bae91e4b8b82ea1a,Data Analyst,No,Other,SQL,Difficult,Other,Male,23,United States,NA,White Or Caucasian,75500
62a33e890f8c8599d5af13b9,Data Analyst,Yes,Energy,Python,Difficult,Remote,Female,33,United States,NA,Asian Or Asian American,115500
62a33e8bf8d5efcc22f7c79a,Data Analyst,No,Healthcare,Other,Very Easy,Better Salary,Male,43,United States,NA,White Or Caucasian,95500
62a33e90cec54911e9ca5031,Student/Looking/None,Yes,Energy,R,Very Difficult,Remote,Female,23,Nigeria,NA,African,20000
62a33e9df8f756164585277b,Student/Looking/None,Yes,Finance,Python,Very Difficult,Good Work/Life Balance,Male,31,United States,NA,Black Or African American,53000
62a33eb6bc6861bf3176c5a3,Data Analyst,Yes,Finance,Python,Neither easy nor difficult,Learning New Skills,Male,31,United Kingdom,NA,White Or Caucasian,75500
62a33ee0bae91e4b8b82eaec,Data Analyst,Yes,Other,Python,Difficult,Good Work/Life Balance,Male,25,India,NA,Asian Or Asian American,20000
62a33ee80f8c8599d5af14b7,Data Engineer,No,Tech,SQL,Easy,Better Salary,Male,43,United States,NA,White Or Caucasian,137500
62a33efe0a77c1a77f65bf1e,Data Analyst,No,Finance,Python,Difficult,Better Salary,Female,26,Canada,NA,Other,53000
62a33f0ef408bae018ed3aeb,Data Analyst,No,Automotive,Python,Neither easy nor difficult,Remote,Male,32,Other,NA,White Or Caucasian,53000
62a33f17f8f7561645852867,BI Developer,No,Tech,Python,Difficult,Better Salary,Male,31,Other,NA,White Or Caucasian,20000
62a33f52bc6861bf3176c72c,Data Analyst,Yes,Healthcare,SQL,Neither easy nor difficult,Better Salary,Male,29,United States,NA,White Or Caucasian,95500
62a33f56cf255543173005e9,Data Analyst,Yes,Automotive,Python,Neither easy nor difficult,Good Culture,Male,24,Other,NA,Hispanic Or Latino,20000
62a33f5a5d257a28a30d7bb5,Student/Looking/None,Yes,Construction,Python,Very Difficult,Remote,Male,34,United States,NA,White Or Caucasian,53000
62a33fa5cec54911e9ca51f1,Data Analyst,Yes,Other,DAX,Very Difficult,Better Salary,Male,42,Other,NA,Indian,53000
62a33fcb575fa3a5ae88ad59,Student/Looking/None,Yes,NA,Javascript,Difficult,Remote,Female,40,United States,NA,Asian Or Asian American,20000
62a33fcf18134ddc75ce91c3,Student/Looking/None,No,Telecommunication,Python,Easy,Good Work/Life Balance,Male,43,Other,NA,White Or Caucasian,53000
62a34006d8c00e9f5419d341,Student/Looking/None,Yes,Construction,Python,Very Difficult,Better Salary,Male,23,Other,NA,African,20000
62a34020575fa3a5ae88ade0,Student/Looking/None,Yes,Education,Python,Difficult,Better Salary,Male,23,Other,NA,Asian Or Asian American,20000
62a34038b4da29969c62eafe,Data Analyst,Yes,Manufacturing,Python,Neither easy nor difficult,Other,Male,28,United States,NA,White Or Caucasian,95500
62a3406b575fa3a5ae88ae78,Data Analyst,No,Finance,SQL,Neither easy nor difficult,Better Salary,Male,32,United States,NA,White Or Caucasian,75500
62a340cab4da29969c62ec01,Data Analyst,Yes,Manufacturing,R,Difficult,Remote,Female,41,United States,NA,White Or Caucasian,75500
62a340d62e54c9003e5324b4,Data Analyst,Yes,Finance,Python,Neither easy nor difficult,Remote,Male,33,United Kingdom,High School,White Or Caucasian,53000
62a340e10a77c1a77f65c2e7,BI Developer,Yes,Tech,Python,Easy,Good Work/Life Balance,Male,38,United States,NA,Hispanic Or Latino,187500
62a340f5bc6861bf3176caa4,Data Analyst,No,Tech,SQL,Easy,Better Salary,Female,22,India,NA,Indian,20000
62a34117cec54911e9ca54e7,Student/Looking/None,Yes,NA,R,Difficult,Remote,Male,36,Other,Bachelors,Black Or African American,20000
62a3413a5d257a28a30d8074,Data Engineer,No,Finance,Python,Easy,Remote,Female,28,United States,Masters,Asian Or Asian American,75500
62a341a1f3072dd8926229a5,Student/Looking/None,Yes,NA,SQL,Very Easy,Learning New Skills,Male,30,Other,NA,African,20000
62a341b0f8f7561645852d1d,Data Analyst,Yes,Tech,Python,Difficult,Other,Female,24,United States,Bachelors,Hispanic Or Latino,75500
62a341e8f8d5efcc22f7d002,Data Analyst,No,Logistics,C/C++,Very Difficult,Better Salary,Male,29,United States,Bachelors,White Or Caucasian,53000
62a34210cf25554317300c02,Data Analyst,No,Tech,Python,Easy,Better Salary,Male,29,Other,Associates,Hispanic Or Latino,20000
62a3424eb4da29969c62eedd,Data Analyst,Yes,Automotive,Python,Neither easy nor difficult,Good Work/Life Balance,Male,38,Germany,Masters,White Or Caucasian,53000
62a34256bae91e4b8b82f16d,Data Analyst,Yes,Finance,None,Difficult,Good Work/Life Balance,Male,31,Other,Masters,White Or Caucasian,20000
62a3426cf408bae018ed409b,Student/Looking/None,No,Tech,Python,Difficult,Better Salary,Male,25,United States,Masters,White Or Caucasian,20000
62a34272f8d5efcc22f7d15f,Data Analyst,No,Telecommunication,Python,Neither easy nor difficult,Better Salary,Male,24,United States,Masters,White Or Caucasian,75500
62a34340bc6861bf3176d05b,BI Analyst,Yes,Tech,Python,Difficult,Better Salary,Male,28,Other,Bachelors,White Or Caucasian,53000
62a34383b4da29969c62f1be,Student/Looking/None,No,Tech,Python,Neither easy nor difficult,Good Culture,Female,23,India,Bachelors,Asian Or Asian American,20000
62a34389cec54911e9ca5a22,Data Engineer,No,Tech,R,Neither easy nor difficult,Remote,Male,21,Other,Masters,Hispanic Or Latino,20000
62a343a22e54c9003e532a2a,Data Analyst,No,Energy,Python,Neither easy nor difficult,Remote,Male,29,Other,Bachelors,Other,20000
62a343d9f3072dd892622fe4,Data Analyst,Yes,Tech,Python,Difficult,Better Salary,Male,25,United States,Bachelors,Asian Or Asian American,53000
62a34400d8c00e9f5419dc2b,Data Analyst,No,Tech,Python,Difficult,Good Culture,Male,27,Germany,Masters,Black Or African American,53000
62a34425f8d5efcc22f7d525,Data Analyst,Yes,Tech,Python,Easy,Better Salary,Male,23,India,Bachelors,Asian Or Asian American,53000
62a34449575fa3a5ae88b637,Data Analyst,No,Other,R,Difficult,Better Salary,Male,32,United States,Masters,Asian Or Asian American,95500
62a3445dcf255543173011e1,Student/Looking/None,Yes,Healthcare,Python,Neither easy nor difficult,Remote,Male,22,India,Bachelors,Asian Or Asian American,115500
62a3447a575fa3a5ae88b6c0,Data Analyst,No,Tech,Python,Easy,Better Salary,Male,25,Other,Bachelors,Asian Or Asian American,20000
62a3449f7dc029e2d66bf5d1,Data Analyst,Yes,Telecommunication,Python,Neither easy nor difficult,Remote,Female,36,Germany,Masters,White Or Caucasian,20000
62a344c5f408bae018ed4806,Data Analyst,Yes,Tech,SQL,Easy,Good Work/Life Balance,Female,27,United States,Bachelors,White Or Caucasian,115500
62a344c6f8d5efcc22f7d6e1,Data Analyst,Yes,Tech,Python,Neither easy nor difficult,Other,Male,23,India,Bachelors,Asian Or Asian American,20000
62a344e1f3072dd892623328,Student/Looking/None,Yes,Tech,SQL,Very Difficult,Better Salary,Male,26,Other,Bachelors,Black Or African American,20000
62a3450424a262602738357f,Data Analyst,No,Healthcare,Python,Very Easy,Good Work/Life Balance,Female,33,United States,PhD,Hispanic Or Latino,95500
62a3452818134ddc75ce9e1b,Data Analyst,Yes,Automotive,Python,Easy,Better Salary,Male,27,Other,Masters,White Or Caucasian,115500
62a345490a77c1a77f65cc5b,Data Analyst,Yes,Education,R,Neither easy nor difficult,Better Salary,Male,42,United States,Associates,White Or Caucasian,53000
62a3455bbc6861bf3176d57a,Data Analyst,Yes,Tech,Python,Easy,Good Work/Life Balance,Male,29,Other,Masters,White Or Caucasian,20000
62a3457bf8d5efcc22f7da17,Data Analyst,No,Tech,Python,Easy,Better Salary,Female,27,United States,Masters,Asian Or Asian American,137500
62a345b2bae91e4b8b82fad6,Student/Looking/None,No,Healthcare,Python,Neither easy nor difficult,Remote,Female,39,United States,Bachelors,Hispanic Or Latino,53000
62a345c47dc029e2d66bf80a,Data Analyst,Yes,Telecommunication,Python,Difficult,Good Culture,Male,31,Other,Masters,White Or Caucasian,53000
62a345e25d257a28a30d8b43,Data Analyst,Yes,Marketing,Python,Easy,Good Work/Life Balance,Male,29,Other,Bachelors,Hispanic Or Latino,75500
62a34646f8d5efcc22f7dc5c,Data Analyst,Yes,Education,R,Easy,Remote,Male,31,United States,Masters,White Or Caucasian,75500
62a34687f408bae018ed4c52,Data Analyst,Yes,Finance,Python,Neither easy nor difficult,Good Culture,Male,30,Other,Masters,Hispanic Or Latino,20000
62a346a37dc029e2d66bfa6d,Data Engineer,Yes,Tech,Python,Difficult,Better Salary,Male,33,Other,Masters,Hispanic Or Latino,20000
62a346a95d257a28a30d8cb9,Data Analyst,No,Retail,Python,Neither easy nor difficult,Better Salary,Male,25,United States,Bachelors,White Or Caucasian,75500
62a346b4bc6861bf3176d7ce,Student/Looking/None,No,Tech,R,Neither easy nor difficult,Good Work/Life Balance,Male,23,India,Bachelors,Indian,20000
62a346cef8f756164585385b,Data Analyst,Yes,Marketing,None,Very Difficult,Better Salary,Male,33,United States,Bachelors,Asian Or Asian American,53000
62a346d724a2626027383abd,Data Analyst,Yes,Logistics,Python,Neither easy nor difficult,Good Work/Life Balance,Male,35,Other,Bachelors,Hispanic Or Latino,75500
62a346d90a77c1a77f65d08d,Data Analyst,No,Other,Python,Neither easy nor difficult,Remote,Female,42,Other,Masters,White Or Caucasian,53000
62a34726f8d5efcc22f7dec7,Data Analyst,No,Tech,Python,Neither easy nor difficult,Better Salary,Male,25,United States,Bachelors,White Or Caucasian,75500
62a3476c5d257a28a30d8e6d,Data Analyst,No,Automotive,Python,Neither easy nor difficult,Other,Male,23,United States,Bachelors,White Or Caucasian,95500
62a347b4f8f7561645853a98,Other,No,Healthcare,Javascript,Easy,Better Salary,Female,51,United States,Bachelors,Black Or African American,53000
62a347f6b4da29969c62fb79,Data Analyst,No,Telecommunication,Other,Very Difficult,Better Salary,Male,30,United Kingdom,Bachelors,Black Or African American,20000
62a3483018134ddc75cea4e6,Data Analyst,Yes,Finance,Python,Very Difficult,Better Salary,Male,23,India,Bachelors,Asian Or Asian American,53000
62a348650f8c8599d5af2b77,Data Analyst,Yes,Marketing,R,Neither easy nor difficult,Better Salary,Male,24,Canada,Bachelors,Asian Or Asian American,53000
62a3489318134ddc75cea659,Student/Looking/None,Yes,Tech,Python,Easy,Good Culture,Male,25,Other,Masters,Asian Or Asian American,53000
62a348bf2e54c9003e533634,Data Analyst,Yes,Finance,Python,Difficult,Better Salary,Female,55,United States,Masters,Other,53000
62a348c2f3072dd892623c10,Data Analyst,No,Other,R,Very Easy,Remote,Female,30,United States,Masters,White Or Caucasian,95500
62a348f2f8d5efcc22f7e2ba,Data Analyst,Yes,Consulting,Python,Difficult,Better Salary,Male,25,Canada,Bachelors,Asian Or Asian American,53000
62a349160a77c1a77f65d4db,Data Analyst,Yes,Other,Python,Neither easy nor difficult,Better Salary,Male,28,United States,Masters,White Or Caucasian,75500
62a3493fb4da29969c62fe63,Data Analyst,Yes,Consulting,Python,Very Easy,Better Salary,Male,34,United Kingdom,Bachelors,White Or Caucasian,53000
62a3496e575fa3a5ae88c4e6,Data Analyst,Yes,Tech,Python,Neither easy nor difficult,Better Salary,Female,28,Other,Bachelors,Hispanic Or Latino,20000
62a3498e575fa3a5ae88c554,Student/Looking/None,No,Manufacturing,Other,Neither easy nor difficult,Better Salary,Male,24,Other,Bachelors,Asian Or Asian American,20000
62a34991b4da29969c62ff4b,Student/Looking/None,Yes,Healthcare,Python,Difficult,Better Salary,Male,31,United States,Masters,Black Or African American,20000
62a349bbf8f756164585400d,Data Analyst,Yes,Logistics,SQL,Easy,Better Salary,Male,25,Canada,Bachelors,Asian Or Asian American,53000
62a349c7cec54911e9ca67c7,Data Analyst,Yes,Finance,Python,Easy,Better Salary,Female,38,United States,Bachelors,White Or Caucasian,115500
62a349d5d8c00e9f5419ead2,Data Analyst,No,Finance,Python,Neither easy nor difficult,Good Culture,Male,30,Other,Bachelors,Hispanic Or Latino,53000
62a349e6b4da29969c63000c,Data Analyst,Yes,Tech,C/C++,Neither easy nor difficult,Good Work/Life Balance,Male,25,India,Bachelors,Asian Or Asian American,20000
62a34a03cec54911e9ca6869,Data Analyst,Yes,Tech,Python,Neither easy nor difficult,Better Salary,Female,29,Nigeria,Bachelors,Black Or African American,20000
62a34ab15d257a28a30d9589,Data Scientist,Yes,Finance,Python,Difficult,Good Work/Life Balance,Male,21,Other,Masters,White Or Caucasian,187500
62a34abc0f8c8599d5af31c5,Data Analyst,Yes,Logistics,SQL,Very Easy,Remote,Female,39,United States,Bachelors,Asian Or Asian American,75500
62a34b07cec54911e9ca6b6e,Student/Looking/None,No,Other,Python,Neither easy nor difficult,Better Salary,Male,25,Other,Bachelors,White Or Caucasian,20000
62a34b0eb4da29969c6302ce,Data Analyst,Yes,Finance,None,Neither easy nor difficult,Other,Female,42,United States,Masters,Hispanic Or Latino,95500
62a34b1b0f8c8599d5af328b,Data Analyst,No,Tech,R,Easy,Better Salary,Male,25,United States,Bachelors,White Or Caucasian,53000
62a34b5b5d257a28a30d96a6,Data Scientist,No,Finance,Python,Neither easy nor difficult,Better Salary,Male,22,United States,Bachelors,White Or Caucasian,95500
62a34b7ebae91e4b8b83076c,Data Analyst,No,Other,Python,Easy,Better Salary,Male,23,Other,High School,Hispanic Or Latino,20000
62a34b99cec54911e9ca6e14,Data Engineer,Yes,Other,Javascript,Difficult,Good Culture,Male,25,Other,High School,Other,53000
62a34bb0f3072dd892624210,Data Engineer,Yes,Consulting,Python,Neither easy nor difficult,Better Salary,Male,45,Canada,Masters,White Or Caucasian,75500
62a34bd0cf2555431730208b,Data Analyst,Yes,Healthcare,SQL,Easy,Good Work/Life Balance,Male,24,United States,Bachelors,White Or Caucasian,75500
62a34bd4f408bae018ed57bd,Student/Looking/None,No,Government,R,Difficult,Better Salary,Male,25,United States,NA,Black Or African American,20000
62a34c66b4da29969c6305af,Data Analyst,Yes,Marketing,Python,Difficult,Good Work/Life Balance,Male,26,United States,Bachelors,White Or Caucasian,75500
62a34d1ff8f756164585465c,Data Analyst,No,Tech,R,Easy,Better Salary,Male,23,Canada,Bachelors,Asian Or Asian American,53000
62a34d4118134ddc75ceb0ed,Student/Looking/None,Yes,Other,Python,Difficult,Remote,Female,42,United Kingdom,Masters,White Or Caucasian,20000
62a34da0f408bae018ed5abd,Other,Yes,Education,None,Very Difficult,Good Work/Life Balance,Female,42,United States,Bachelors,Black Or African American,53000
62a34dbb5d257a28a30d9a61,Data Analyst,No,Tech,Python,Neither easy nor difficult,Better Salary,Male,25,India,Masters,Asian Or Asian American,20000
62a34e00f8f7561645854954,Data Analyst,Yes,Tech,R,Easy,Remote,Male,38,United States,Masters,White Or Caucasian,95500
62a34e082e54c9003e534118,Data Engineer,No,Tech,Python,Easy,Better Salary,Male,24,Other,Bachelors,Hispanic Or Latino,20000
62a34eb7bc6861bf3176e6d8,Data Analyst,Yes,Education,R,Neither easy nor difficult,Good Work/Life Balance,Male,28,United States,Bachelors,White Or Caucasian,75500
62a34f2af8f7561645854c1c,Data Analyst,No,Healthcare,Python,Difficult,Better Salary,Male,21,United States,Bachelors,Asian Or Asian American,53000
62a34f3bf408bae018ed5e42,Data Analyst,Yes,Healthcare,R,Very Easy,Good Culture,Male,39,United States,Masters,White Or Caucasian,115500
62a34fa418134ddc75ceb509,Data Analyst,Yes,Tech,Python,Difficult,Good Work/Life Balance,Male,23,Other,Bachelors,Asian Or Asian American,20000
62a34fbacec54911e9ca776f,Data Analyst,No,Government,R,Neither easy nor difficult,Good Work/Life Balance,Female,23,Other,Bachelors,White Or Caucasian,20000
62a34fc3f3072dd892624a45,Data Analyst,Yes,Logistics,R,Neither easy nor difficult,Good Work/Life Balance,Male,30,United States,Masters,White Or Caucasian,75500
62a34ff1f408bae018ed601d,Data Analyst,No,Manufacturing,Python,Easy,Better Salary,Male,26,Other,Masters,White Or Caucasian,53000
62a34ff4f3072dd892624b32,Data Analyst,Yes,Healthcare,R,Neither easy nor difficult,Better Salary,Male,37,United States,Bachelors,White Or Caucasian,53000
62a3505bd8c00e9f5419f8df,Data Analyst,Yes,Healthcare,Python,Neither easy nor difficult,Better Salary,Female,31,United States,Bachelors,White Or Caucasian,75500
62a350f7f3072dd892624d05,Data Analyst,Yes,Finance,C/C++,Difficult,Good Work/Life Balance,Female,25,Other,Bachelors,Black Or African American,20000
62a35130f3072dd892624d9f,Data Analyst,Yes,Healthcare,Python,Easy,Better Salary,Female,26,Other,Bachelors,White Or Caucasian,20000
62a351860a77c1a77f65e86b,Data Analyst,Yes,Healthcare,SQL,Very Easy,Better Salary,Male,30,United States,Bachelors,White Or Caucasian,75500
62a3519b24a262602738514a,Data Analyst,Yes,Tech,Python,Neither easy nor difficult,Better Salary,Female,39,United States,Bachelors,Black Or African American,75500
62a35236b4da29969c631214,Other,No,Education,Python,Easy,Good Work/Life Balance,Female,28,India,Masters,Asian Or Asian American,20000
62a352a32e54c9003e534981,Data Analyst,Yes,Finance,SQL,Very Easy,Good Work/Life Balance,Male,22,United States,Bachelors,African,75500
62a352f00a77c1a77f65eae7,Data Analyst,Yes,Telecommunication,Python,Neither easy nor difficult,Good Culture,Male,28,Other,Bachelors,Black Or African American,20000
62a353372e54c9003e534a40,Data Analyst,No,Tech,R,Neither easy nor difficult,Remote,Male,33,United States,Masters,White Or Caucasian,187500
62a353565d257a28a30da59f,Data Analyst,Yes,Finance,SQL,Neither easy nor difficult,Good Work/Life Balance,Female,22,Other,Bachelors,African,20000
62a353f07dc029e2d66c1783,Student/Looking/None,No,Tech,Python,Neither easy nor difficult,Better Salary,Male,27,India,Bachelors,Other,20000
62a3545e0f8c8599d5af474b,Data Analyst,Yes,Other,DAX,Easy,Good Work/Life Balance,Male,37,United States,Bachelors,Other,115500
62a35472cec54911e9ca82bc,Data Analyst,No,Other,R,Difficult,Better Salary,Male,24,United States,Masters,White Or Caucasian,53000
62a354bdb4da29969c631700,Data Analyst,No,Healthcare,R,Difficult,Better Salary,Male,25,United Kingdom,Masters,Asian Or Asian American,53000
62a354e9cf255543173031ed,Data Engineer,No,Healthcare,R,Neither easy nor difficult,Good Culture,Male,28,United States,Masters,Black Or African American,95500
62a35541f3072dd892625517,Data Analyst,Yes,Energy,Python,Easy,Better Salary,Male,32,United Kingdom,Bachelors,White Or Caucasian,53000
62a355445d257a28a30dab12,Data Analyst,Yes,Government,Python,Easy,Good Culture,Male,29,United States,Bachelors,Asian Or Asian American,53000
62a35631cf25554317303425,Data Analyst,No,Healthcare,R,Difficult,Other,Female,26,Other,Masters,White Or Caucasian,53000
62a357390a77c1a77f65f189,Data Engineer,Yes,Tech,Python,Neither easy nor difficult,Remote,Male,37,Canada,Masters,White Or Caucasian,53000
62a3578b0a77c1a77f65f279,Data Analyst,No,Logistics,R,Neither easy nor difficult,Better Salary,Male,25,United States,Bachelors,White Or Caucasian,53000
62a357d30f8c8599d5af4ea3,Data Analyst,No,Finance,SQL,Difficult,Better Salary,Male,24,Other,High School,White Or Caucasian,20000
62a3582e575fa3a5ae88e506,Data Analyst,No,Finance,SQL,Easy,Better Salary,Male,52,United States,Bachelors,White Or Caucasian,137500
62a35878575fa3a5ae88e5d5,Data Analyst,Yes,Finance,Python,Difficult,Good Culture,Male,27,Other,Bachelors,Asian Or Asian American,53000
62a35981bae91e4b8b8323dd,Data Analyst,No,Healthcare,Other,Neither easy nor difficult,Better Salary,Female,29,United States,Masters,White Or Caucasian,115500
62a35a2c7dc029e2d66c2519,Student/Looking/None,No,Tech,Python,Difficult,Better Salary,Male,42,Other,Associates,White Or Caucasian,20000
62a35aa2f8d5efcc22f8075d,Data Analyst,Yes,Telecommunication,R,Difficult,Other,Male,28,United States,Masters,White Or Caucasian,53000
62a35ababae91e4b8b83269d,Data Analyst,Yes,Tech,Python,Neither easy nor difficult,Good Work/Life Balance,Male,44,Other,Bachelors,Hispanic Or Latino,20000
62a35ae0575fa3a5ae88ea98,Data Engineer,Yes,Tech,Python,Neither easy nor difficult,Remote,Male,23,Other,Bachelors,White Or Caucasian,20000
62a35ae87dc029e2d66c279b,Data Analyst,No,Other,R,Easy,Better Salary,Male,27,United States,Bachelors,Hispanic Or Latino,53000
62a35b13bc6861bf31770188,Data Analyst,No,Construction,Python,Neither easy nor difficult,Good Culture,Male,26,United States,Masters,White Or Caucasian,75500
62a35b72f408bae018ed76a8,Data Analyst,Yes,Healthcare,Other,Neither easy nor difficult,Better Salary,Male,27,United States,Masters,Hispanic Or Latino,95500
62a35b965d257a28a30db899,Data Analyst,Yes,Retail,Python,Difficult,Better Salary,Male,33,Canada,Bachelors,Asian Or Asian American,75500
62a35ba3f3072dd892626068,Data Analyst,Yes,Other,Python,Easy,Better Salary,Male,28,United States,Bachelors,Hispanic Or Latino,75500
62a35c890a77c1a77f65fdfa,Data Analyst,Yes,Tech,R,Neither easy nor difficult,Better Salary,Male,32,Other,Bachelors,Black Or African American,20000
62a35d8f575fa3a5ae88efd6,Student/Looking/None,Yes,Other,Python,Very Difficult,Better Salary,Male,34,Canada,Associates,Asian Or Asian American,53000
62a35d95cf25554317304386,Data Analyst,No,Tech,Python,Easy,Good Work/Life Balance,Male,28,United States,Bachelors,Asian Or Asian American,187500
62a35e970a77c1a77f66035a,Data Scientist,Yes,Telecommunication,Python,Neither easy nor difficult,Better Salary,Male,27,India,Bachelors,Indian,137500
62a35eabf408bae018ed7cbc,Data Engineer,Yes,Finance,Python,Difficult,Better Salary,Male,22,United States,Bachelors,White Or Caucasian,53000
62a35f0d24a2626027386a8b,Data Analyst,No,Healthcare,Python,Neither easy nor difficult,Better Salary,Male,29,United States,Masters,White Or Caucasian,75500
62a35f825d257a28a30dc128,Data Analyst,No,Healthcare,Python,Neither easy nor difficult,Good Work/Life Balance,Female,31,United States,Masters,White Or Caucasian,75500
62a35fa0f8f7561645856c35,Data Analyst,No,Tech,Python,Easy,Remote,Male,28,United States,Bachelors,White Or Caucasian,75500
62a35fc1f8f7561645856c98,Student/Looking/None,No,Healthcare,Python,Neither easy nor difficult,Good Work/Life Balance,Male,24,United States,Masters,Asian Or Asian American,20000
62a3602318134ddc75ced6b9,Data Analyst,No,Government,Other,Easy,Good Culture,Male,34,United States,Masters,White Or Caucasian,95500
62a360b8f8f7561645856ec4,Data Engineer,No,Tech,Python,Difficult,Better Salary,Male,23,United States,Bachelors,White Or Caucasian,95500
62a360dbd8c00e9f541a16cf,Student/Looking/None,No,Construction,Other,Neither easy nor difficult,Remote,Male,32,Other,Masters,White Or Caucasian,53000
62a36146f8f7561645856ff7,Data Analyst,Yes,Healthcare,R,Easy,Remote,Male,29,Other,High School,Hispanic Or Latino,20000
62a361af0f8c8599d5af6277,Data Analyst,Yes,Education,Python,Very Difficult,Better Salary,Male,34,Nigeria,Bachelors,Black Or African American,20000
62a361cc575fa3a5ae88f908,Data Analyst,No,Finance,Python,Very Easy,Remote,Male,24,United Kingdom,Bachelors,White Or Caucasian,75500
62a3620f0f8c8599d5af63a5,Data Analyst,No,Tech,Python,Difficult,Better Salary,Male,30,United States,Bachelors,Indian,75500
62a36251d8c00e9f541a199e,Data Analyst,No,Other,Python,Difficult,Better Salary,Male,24,United States,Masters,Hispanic Or Latino,95500
62a36275bc6861bf31771183,Data Analyst,Yes,Other,Python,Easy,Better Salary,Male,27,United States,Bachelors,Other,53000
62a3636c2e54c9003e536e6b,Data Analyst,No,Finance,Python,Neither easy nor difficult,Better Salary,Male,21,India,Bachelors,Asian Or Asian American,20000
62a365c2f8d5efcc22f81e2e,Data Analyst,No,Logistics,Python,Very Difficult,Other,Male,31,Other,Masters,Black Or African American,20000
62a365d5d8c00e9f541a20cf,Data Analyst,Yes,Telecommunication,R,Difficult,Better Salary,Male,41,Other,Bachelors,White Or Caucasian,20000
62a3670b575fa3a5ae890422,Data Analyst,Yes,Tech,Python,Difficult,Better Salary,Male,25,India,Bachelors,Asian Or Asian American,20000
62a3676bb4da29969c633ac7,Data Analyst,No,Finance,None,Neither easy nor difficult,Learning New Skills,Male,24,Nigeria,Bachelors,Black Or African American,20000
62a36794b4da29969c633b48,Data Analyst,No,Finance,Python,Neither easy nor difficult,Better Salary,Male,30,Other,Masters,African,20000
62a367d224a2626027387b56,Data Analyst,No,Finance,Other,Neither easy nor difficult,Good Work/Life Balance,Male,33,United States,Bachelors,White Or Caucasian,187500
62a367ed18134ddc75cee697,Data Analyst,No,Energy,Other,Difficult,Better Salary,Male,23,United States,Bachelors,Hispanic Or Latino,75500
62a36802f8f7561645857e38,Data Analyst,Yes,Tech,Python,Difficult,Remote,Female,33,United Kingdom,Masters,Asian Or Asian American,75500
62a3684ebc6861bf31771f15,Data Analyst,No,Finance,Python,Neither easy nor difficult,Better Salary,Male,25,United States,Bachelors,White Or Caucasian,115500
62a3688df8f7561645857f7e,Data Analyst,No,Other,Python,Neither easy nor difficult,Remote,Female,27,Other,Masters,White Or Caucasian,20000
62a368ee2e54c9003e537e4a,Data Analyst,Yes,Finance,C/C++,Very Easy,Good Work/Life Balance,Male,30,United Kingdom,Bachelors,White Or Caucasian,20000
62a369280a77c1a77f661ad0,Data Analyst,Yes,Tech,Python,Neither easy nor difficult,Remote,Male,29,Nigeria,Bachelors,Black Or African American,20000
62a36969f8f756164585821d,Data Analyst,Yes,Healthcare,Python,Easy,Better Salary,Male,25,India,Masters,Indian,20000
62a3697ff408bae018ed948b,Data Analyst,No,Telecommunication,None,Easy,Remote,Male,40,United States,High School,Hispanic Or Latino,95500
62a36ac6cf255543173063d8,Data Analyst,No,Government,Other,Neither easy nor difficult,Better Salary,Female,29,Canada,Bachelors,Other,53000
62a36ad1f408bae018ed9793,Data Analyst,No,Other,Python,Difficult,Remote,Male,29,India,Masters,Asian Or Asian American,53000
62a36b6c24a26260273882a2,Data Analyst,Yes,Education,Python,Neither easy nor difficult,Better Salary,Male,28,Nigeria,Masters,Black Or African American,20000
62a36b862e54c9003e5383c6,Other,No,Other,Other,Neither easy nor difficult,Good Work/Life Balance,Male,34,United Kingdom,Bachelors,White Or Caucasian,95500
62a36d12f8d5efcc22f82cd8,Student/Looking/None,No,Tech,Python,Easy,Learning New Skills,Male,24,Other,Masters,White Or Caucasian,20000
62a36d3124a262602738862c,Data Analyst,Yes,Telecommunication,Python,Very Easy,Better Salary,Male,26,Other,Bachelors,Other,20000
62a36e470a77c1a77f662470,Data Analyst,No,Tech,Python,Difficult,Good Work/Life Balance,Male,28,United States,Bachelors,Hispanic Or Latino,137500
62a36e7024a262602738890a,Student/Looking/None,No,Education,R,Difficult,Good Work/Life Balance,Male,25,Germany,Masters,White Or Caucasian,20000
62a36fe67dc029e2d66c5303,Data Analyst,Yes,Tech,Python,Easy,Better Salary,Male,33,Other,Bachelors,Hispanic Or Latino,20000
62a3701f575fa3a5ae89164e,Data Analyst,Yes,Finance,Python,Neither easy nor difficult,Remote,Male,30,Other,Masters,White Or Caucasian,75500
62a370635d257a28a30de5eb,Data Analyst,Yes,Finance,Python,Very Difficult,Better Salary,Male,35,India,Bachelors,Indian,20000
62a37128d8c00e9f541a39dd,Data Analyst,No,Automotive,None,Difficult,Better Salary,Male,25,Other,Bachelors,White Or Caucasian,20000
62a3715124a2626027388f02,Data Analyst,No,Government,Python,Easy,Better Salary,Male,23,Other,Bachelors,White Or Caucasian,20000
62a37222cf2555431730732d,Data Engineer,No,Healthcare,Python,Neither easy nor difficult,Good Work/Life Balance,Male,24,Other,Bachelors,Hispanic Or Latino,20000
62a373efbc6861bf3177360b,Data Analyst,Yes,Education,SQL,Neither easy nor difficult,Better Salary,Male,27,United States,Masters,Black Or African American,187500
62a3759e5d257a28a30def3a,Data Analyst,Yes,Manufacturing,Python,Neither easy nor difficult,Remote,Male,32,United States,Bachelors,Asian Or Asian American,75500
62a3777624a262602738997e,Data Analyst,Yes,Tech,Python,Neither easy nor difficult,Good Work/Life Balance,Male,50,Canada,Bachelors,White Or Caucasian,53000
62a377987dc029e2d66c638d,Other,Yes,Other,Python,Neither easy nor difficult,Remote,Male,29,United States,High School,White Or Caucasian,75500
62a377f424a2626027389af3,Data Analyst,Yes,Telecommunication,R,Neither easy nor difficult,Good Work/Life Balance,Male,41,Other,Bachelors,Hispanic Or Latino,20000
62a3784c0f8c8599d5af8fbc,Database Admin,No,Other,R,Neither easy nor difficult,Better Salary,Male,23,United States,Associates,White Or Caucasian,20000
62a37a43d8c00e9f541a4a7c,Data Analyst,Yes,Finance,Python,Difficult,Better Salary,Male,31,Nigeria,Bachelors,Black Or African American,20000
62a37a7818134ddc75cf0d4c,Data Analyst,No,Healthcare,Python,Difficult,Better Salary,Male,22,Other,Bachelors,Other,20000
62a37aa1cf255543173081e5,Data Analyst,No,Finance,Python,Very Difficult,Better Salary,Male,29,United States,Masters,Hispanic Or Latino,75500
62a37ad924a2626027389f8a,Data Scientist,Yes,Tech,Python,Difficult,Good Culture,Male,23,Other,Bachelors,Indian,20000
62a37b7db4da29969c636123,Student/Looking/None,No,Other,None,Neither easy nor difficult,Remote,Female,24,United States,High School,Hispanic Or Latino,20000
62a37bab2e54c9003e53a10a,Data Analyst,Yes,Manufacturing,Python,Neither easy nor difficult,Better Salary,Male,26,United States,Bachelors,Black Or African American,75500
62a37c50cec54911e9cacee2,Student/Looking/None,Yes,Finance,Python,Difficult,Good Culture,Male,31,India,Bachelors,Asian Or Asian American,20000
62a37d41bae91e4b8b8369f7,Data Analyst,Yes,Other,Python,Neither easy nor difficult,Remote,Male,22,Nigeria,Bachelors,Black Or African American,20000
62a37f8db4da29969c6367bf,Data Analyst,Yes,Other,Python,Neither easy nor difficult,Remote,Male,31,Germany,Bachelors,White Or Caucasian,75500
62a37ff3bae91e4b8b836ed0,Student/Looking/None,Yes,Tech,Python,Neither easy nor difficult,Better Salary,Male,27,United States,Masters,Asian Or Asian American,20000
62a38023575fa3a5ae89339e,Student/Looking/None,No,NA,Python,Difficult,Better Salary,Female,25,United States,Bachelors,Asian Or Asian American,20000
62a38153cec54911e9cad855,Data Analyst,Yes,Healthcare,Python,Easy,Good Work/Life Balance,Male,30,Other,Masters,Hispanic Or Latino,20000
62a381d024a262602738ab19,Data Analyst,Yes,Healthcare,R,Easy,Learning New Skills,Male,28,United States,Masters,Hispanic Or Latino,53000
62a38227bae91e4b8b837235,Data Analyst,No,Finance,Python,Easy,Remote,Male,26,United States,Bachelors,White Or Caucasian,137500
62a38489cf25554317309145,Data Scientist,Yes,Retail,Python,Neither easy nor difficult,Remote,Female,32,United States,Masters,White Or Caucasian,137500
62a384f0cec54911e9cadd6f,Data Analyst,Yes,Marketing,SQL,Neither easy nor difficult,Better Salary,Female,40,Other,PhD,White Or Caucasian,20000
62a385480f8c8599d5afa5c6,Data Engineer,Yes,Manufacturing,Python,Neither easy nor difficult,Better Salary,Male,36,Other,Associates,Asian Or Asian American,20000
62a3856218134ddc75cf1ee0,Data Analyst,Yes,Finance,Python,Difficult,Better Salary,Male,35,United States,Bachelors,Hispanic Or Latino,75500
62a385c40f8c8599d5afa6cf,Data Analyst,Yes,Tech,Python,Very Difficult,Good Work/Life Balance,Male,29,United States,Masters,Asian Or Asian American,75500
62a385ddbae91e4b8b837855,Data Analyst,No,Finance,Python,Neither easy nor difficult,Other,Female,25,Germany,Masters,Hispanic Or Latino,53000
62a385e7b4da29969c6372ab,BI Developer,Yes,Other,Python,Difficult,Remote,Male,29,United States,Bachelors,White Or Caucasian,53000
62a386dfcec54911e9cae1d3,Data Analyst,No,Other,Python,Difficult,Good Work/Life Balance,Male,26,United States,Bachelors,Black Or African American,95500
62a3870bbc6861bf31775841,Data Analyst,No,Marketing,R,Neither easy nor difficult,Remote,Male,34,Other,Bachelors,Black Or African American,20000
62a38733f8d5efcc22f859fc,Data Analyst,Yes,Finance,Python,Neither easy nor difficult,Good Work/Life Balance,Male,26,Other,Bachelors,White Or Caucasian,20000
62a387e6575fa3a5ae8940a1,Data Analyst,No,Tech,Python,Difficult,Learning New Skills,Female,22,India,Bachelors,Asian Or Asian American,20000
62a388d524a262602738b869,Student/Looking/None,Yes,Construction,Python,Very Difficult,Remote,Female,24,Other,Bachelors,Black Or African American,20000
62a38975b4da29969c637830,Data Analyst,No,Other,Python,Neither easy nor difficult,Better Salary,Male,26,Other,Bachelors,Hispanic Or Latino,20000
62a38985f8f756164585b89c,Other,Yes,Finance,Python,Very Difficult,Good Work/Life Balance,Female,34,Other,Masters,White Or Caucasian,20000
62a389b70f8c8599d5afad1a,Data Analyst,No,Tech,Python,Neither easy nor difficult,Better Salary,Male,29,India,Bachelors,Asian Or Asian American,20000
62a389ed18134ddc75cf24f8,Data Scientist,No,Tech,R,Easy,Better Salary,Male,21,Nigeria,Bachelors,Black Or African American,20000
62a38a060a77c1a77f6654b7,Data Analyst,No,Other,Python,Neither easy nor difficult,Good Work/Life Balance,Female,35,Other,Masters,White Or Caucasian,20000
62a38a4d575fa3a5ae8944df,Data Analyst,No,Education,Python,Neither easy nor difficult,Good Work/Life Balance,Male,26,United States,Bachelors,Black Or African American,53000
62a38a97cf25554317309af2,Data Analyst,Yes,Other,Python,Neither easy nor difficult,Remote,Male,28,United States,Bachelors,White Or Caucasian,53000
62a38c120f8c8599d5afb0e9,Database Admin,No,Other,Python,Easy,Better Salary,Female,33,United States,Bachelors,White Or Caucasian,53000
62a38c9dbc6861bf317760c4,Data Analyst,Yes,Consulting,SQL,Easy,Better Salary,Female,56,United States,Bachelors,White Or Caucasian,75500
62a38de50f8c8599d5afb3e7,Other,No,Other,Python,Difficult,Good Work/Life Balance,Male,23,India,Bachelors,Asian Or Asian American,20000
62a3906224a262602738c58a,Data Scientist,Yes,Healthcare,Python,Difficult,Better Salary,Male,28,United States,Masters,White Or Caucasian,137500
62a3907cbae91e4b8b838917,Student/Looking/None,No,NA,Javascript,Neither easy nor difficult,Remote,Male,21,Other,High School,White Or Caucasian,20000
62a390c0d8c00e9f541a6fd7,Student/Looking/None,No,Other,Python,Neither easy nor difficult,Good Work/Life Balance,Male,35,United States,Masters,Black Or African American,75500
62a390e4f3072dd89262c0cd,Data Analyst,No,Healthcare,Python,Neither easy nor difficult,Remote,Male,29,Other,Masters,Asian Or Asian American,53000
62a391cacf2555431730a623,Data Analyst,No,Tech,Python,Neither easy nor difficult,Other,Female,23,United States,Bachelors,Asian Or Asian American,95500
62a39214f8f756164585c6b6,Other,No,Finance,Python,Difficult,Good Work/Life Balance,Male,25,India,Bachelors,Asian Or Asian American,53000
62a39297b4da29969c638679,Data Engineer,Yes,Other,Python,Easy,Better Salary,Male,27,United States,Masters,White Or Caucasian,95500
62a393330a77c1a77f6662e4,Data Analyst,No,Tech,Python,Neither easy nor difficult,Better Salary,Male,22,India,Bachelors,Indian,20000
62a3944024a262602738cb07,Data Analyst,Yes,Other,Python,Neither easy nor difficult,Good Work/Life Balance,Male,22,India,Bachelors,Asian Or Asian American,20000
62a3951ed8c00e9f541a75d1,Other,No,Other,Other,Neither easy nor difficult,Better Salary,Male,43,United States,Masters,Asian Or Asian American,115500
62a3958fcec54911e9caf827,Other,Yes,Tech,Python,Difficult,Better Salary,Female,32,United States,Bachelors,Asian Or Asian American,20000
62a3970ebae91e4b8b839495,Student/Looking/None,Yes,Healthcare,Other,Difficult,Good Work/Life Balance,Female,42,United States,Masters,Asian Or Asian American,75500
62a3976ecf2555431730af5e,Data Analyst,No,Other,Python,Very Difficult,Remote,Male,31,United States,Bachelors,Hispanic Or Latino,75500
62a397fb5d257a28a30e279a,Data Engineer,No,Marketing,Python,Neither easy nor difficult,Better Salary,Male,25,United Kingdom,Bachelors,White Or Caucasian,20000
62a3980c7dc029e2d66c9a81,Data Analyst,No,Other,SQL,Neither easy nor difficult,Better Salary,Female,25,United States,Masters,Asian Or Asian American,53000
62a3980e0f8c8599d5afc32c,Data Analyst,Yes,Other,Other,Difficult,Good Work/Life Balance,Male,31,United States,Masters,Asian Or Asian American,115500
62a39a340f8c8599d5afc6ce,Data Scientist,Yes,Education,Python,Difficult,Better Salary,Male,36,Other,Masters,White Or Caucasian,20000
62a39a95bc6861bf3177751d,Data Scientist,No,Healthcare,Python,Neither easy nor difficult,Good Work/Life Balance,Female,35,Other,Masters,White Or Caucasian,53000
62a39b315d257a28a30e2cae,Data Analyst,Yes,Other,R,Easy,Remote,Male,28,United States,Bachelors,White Or Caucasian,75500
62a39b6cf408bae018ede929,Data Analyst,No,Other,Python,Neither easy nor difficult,Better Salary,Male,27,Other,Bachelors,Hispanic Or Latino,20000
62a39bd324a262602738d725,Data Analyst,Yes,Other,Python,Easy,Good Work/Life Balance,Male,25,Other,Bachelors,Hispanic Or Latino,20000
62a39e03f408bae018eded39,Data Analyst,No,Other,Python,Neither easy nor difficult,Better Salary,Male,25,Other,Bachelors,White Or Caucasian,20000
62a39e69d8c00e9f541a8358,Other,No,Other,R,Difficult,Good Work/Life Balance,Male,22,United States,Masters,White Or Caucasian,53000
62a3a0bcf8f756164585daf7,Data Analyst,Yes,Healthcare,None,Neither easy nor difficult,Good Culture,Male,38,Germany,High School,White Or Caucasian,53000
62a3a1a62e54c9003e53dc35,Data Analyst,Yes,Education,Python,Difficult,Good Culture,Male,27,Other,Bachelors,Black Or African American,20000
62a3a231b4da29969c639b2c,Data Analyst,Yes,Consulting,None,Easy,Remote,Female,34,Canada,Bachelors,Black Or African American,95500
62a3a3800f8c8599d5afd4db,Data Analyst,Yes,Other,Python,Difficult,Better Salary,Female,31,United States,Bachelors,White Or Caucasian,75500
62a3a4fdbae91e4b8b83ab6f,Data Analyst,Yes,Tech,Python,Neither easy nor difficult,Better Salary,Female,33,Canada,Masters,Black Or African American,53000
62a3a7f50a77c1a77f668221,Student/Looking/None,Yes,Tech,Python,Very Difficult,Remote,Male,23,United States,Bachelors,Asian Or Asian American,20000
62a3a90f24a262602738e800,Data Analyst,Yes,Healthcare,Other,Neither easy nor difficult,Better Salary,Female,25,United States,Bachelors,Asian Or Asian American,53000
62a3a9dbd8c00e9f541a93eb,Data Analyst,Yes,Tech,Python,Difficult,Better Salary,Male,29,Other,Masters,White Or Caucasian,20000
62a3aaa3cec54911e9cb1724,Data Analyst,Yes,Healthcare,R,Neither easy nor difficult,Better Salary,Female,29,United States,Masters,Black Or African American,53000
62a3ab320f8c8599d5afdfa8,Data Analyst,Yes,Tech,R,Easy,Better Salary,Male,31,India,Masters,Asian Or Asian American,20000
62a3abacd8c00e9f541a96eb,Student/Looking/None,No,Government,R,Very Difficult,Remote,Male,34,Other,High School,Black Or African American,20000
62a3ac4bf8f756164585ea83,Data Analyst,Yes,Tech,Python,Easy,Good Work/Life Balance,Male,26,Other,Bachelors,Other,20000
62a3ad35cec54911e9cb1b5c,Data Scientist,No,Healthcare,Python,Neither easy nor difficult,Remote,Female,26,United States,Bachelors,White Or Caucasian,95500
62a3ae69bc6861bf3177900d,Other,Yes,Other,DAX,Difficult,Learning New Skills,Male,27,United States,Masters,Black Or African American,53000
62a3af26cec54911e9cb1f3a,Data Analyst,Yes,Logistics,Python,Neither easy nor difficult,Remote,Male,26,United States,Bachelors,White Or Caucasian,75500
62a3af66f8f756164585eeb8,Student/Looking/None,Yes,Tech,Python,Very Difficult,Better Salary,Female,26,United States,Masters,Asian Or Asian American,20000
62a3b135b4da29969c63b1ed,Data Analyst,Yes,Finance,R,Easy,Better Salary,Male,24,United States,Bachelors,White Or Caucasian,53000
62a3b255d8c00e9f541a9fd5,Data Analyst,Yes,Retail,Python,Easy,Better Salary,Female,28,Other,Masters,Indian,95500
62a3b314f408bae018ee0938,Data Analyst,Yes,Manufacturing,R,Easy,Better Salary,Male,29,United States,Bachelors,White Or Caucasian,115500
62a3b3f6bc6861bf3177973b,Data Analyst,Yes,Finance,Python,Very Difficult,Better Salary,Female,26,United States,Masters,Asian Or Asian American,75500
62a3ba4dbc6861bf31779f24,Data Analyst,Yes,Other,Python,Neither easy nor difficult,Better Salary,Male,28,United Kingdom,Bachelors,White Or Caucasian,53000
62a3baa624a262602738ff27,Data Analyst,No,Finance,Python,Easy,Other,Male,25,Other,Masters,White Or Caucasian,20000
62a3bc00d8c00e9f541aad66,Data Analyst,Yes,Finance,R,Difficult,Better Salary,Female,26,United States,Bachelors,Asian Or Asian American,75500
62a3bf1b0a77c1a77f66a347,Data Engineer,Yes,Healthcare,Python,Neither easy nor difficult,Remote,Female,38,United States,Masters,White Or Caucasian,137500
62a3c021f8f756164586043f,Other,Yes,Other,SQL,Neither easy nor difficult,Better Salary,Female,20,Nigeria,High School,Black Or African American,20000
62a3c1b1bc6861bf3177aa8c,Data Analyst,No,Education,SQL,Neither easy nor difficult,Remote,Female,45,United States,Masters,Black Or African American,75500
62a3c30324a26260273909b9,Data Analyst,No,Marketing,Python,Difficult,Good Work/Life Balance,Male,27,Canada,Masters,Other,95500
62a3c476bc6861bf3177ad9d,Data Analyst,Yes,Consulting,Python,Difficult,Good Culture,Male,28,Canada,Masters,Asian Or Asian American,53000
62a3c5f2cec54911e9cb3d9b,Student/Looking/None,Yes,NA,R,Neither easy nor difficult,Remote,Female,29,Germany,Bachelors,Other,20000
62a3c7f1bc6861bf3177b06e,Other,No,Tech,C/C++,Neither easy nor difficult,Better Salary,Female,43,Other,High School,Asian Or Asian American,53000
62a3c8652e54c9003e54103e,Data Analyst,Yes,Finance,Python,Neither easy nor difficult,Remote,Male,26,Other,Bachelors,Black Or African American,20000
62a3ca44bae91e4b8b83dcd4,Student/Looking/None,No,Tech,SQL,Neither easy nor difficult,Better Salary,Female,47,United States,Bachelors,Black Or African American,53000
62a3cafff8d5efcc22f8b5cb,Student/Looking/None,Yes,Finance,Python,Easy,Remote,Male,23,Nigeria,Bachelors,Black Or African American,20000
62a3cbfef8d5efcc22f8b6f1,Data Analyst,Yes,Tech,Python,Very Difficult,Better Salary,Male,25,Other,Bachelors,Other,20000
62a3cde8f8f7561645861366,Other,No,Finance,Python,Very Difficult,Learning New Skills,Male,32,Other,Masters,White Or Caucasian,20000
62a3cfed0f8c8599d5b00b12,Data Analyst,Yes,Finance,Python,Neither easy nor difficult,Better Salary,Female,25,United States,Bachelors,White Or Caucasian,20000
62a3d21ef3072dd8926314d1,Data Analyst,No,Finance,Python,Difficult,Remote,Female,29,Other,Bachelors,Hispanic Or Latino,20000
62a3d37c0a77c1a77f66bc0e,Data Analyst,No,Healthcare,SQL,Neither easy nor difficult,Better Salary,Female,33,United States,Bachelors,Asian Or Asian American,53000
62a3d8dbf8f7561645861f9d,Data Analyst,No,Education,Python,Easy,Learning New Skills,Male,36,United States,Masters,Asian Or Asian American,115500
62a3d9697dc029e2d66cf087,Data Analyst,Yes,Healthcare,Python,Difficult,Good Work/Life Balance,Male,25,United States,Bachelors,White Or Caucasian,53000
62a3dac9f3072dd892631e12,Data Scientist,No,Other,Python,Neither easy nor difficult,Good Work/Life Balance,Male,38,United States,Masters,White Or Caucasian,187500
62a3dc3ab4da29969c63e3d7,Data Analyst,Yes,Energy,R,Difficult,Good Work/Life Balance,Male,30,United States,Masters,Other,75500
62a3e2abf8f75616458628d1,Data Analyst,Yes,Tech,Python,Difficult,Good Culture,Male,35,United States,Masters,Black Or African American,53000
62a3e32bd8c00e9f541ad5f0,Other,No,Education,SQL,Difficult,Better Salary,Female,42,United States,Bachelors,White Or Caucasian,53000
62a3ecf7bc6861bf3177d5c2,Data Analyst,Yes,Healthcare,Python,Easy,Remote,Male,30,United States,Masters,White Or Caucasian,75500
62a3eea9bae91e4b8b8401a4,Student/Looking/None,Yes,NA,Python,Very Difficult,Better Salary,Female,25,Nigeria,Bachelors,Black Or African American,20000
62a3f39df8d5efcc22f8ddc2,Data Analyst,No,Healthcare,Python,Difficult,Good Culture,Female,28,United States,Bachelors,Asian Or Asian American,95500
62a3f6a25d257a28a30e9d02,Data Analyst,Yes,Manufacturing,Python,Very Difficult,Better Salary,Male,28,Canada,Bachelors,Asian Or Asian American,20000
62a3f6d9bae91e4b8b8408ca,Student/Looking/None,No,NA,SQL,Neither easy nor difficult,Better Salary,Male,20,Other,High School,Asian Or Asian American,20000
62a3fc7c7dc029e2d66d10e8,Data Analyst,Yes,Construction,Other,Easy,Good Culture,Male,33,United States,Masters,Hispanic Or Latino,115500
62a3fe0d5d257a28a30ea3c8,Data Analyst,No,Tech,Python,Easy,Better Salary,Male,23,United States,Associates,White Or Caucasian,75500
62a3fea50a77c1a77f66e41b,Data Analyst,Yes,Healthcare,R,Neither easy nor difficult,Better Salary,Female,35,Other,Bachelors,Hispanic Or Latino,20000
62a40276bc6861bf3177e6fd,Student/Looking/None,Yes,Automotive,Python,Difficult,Good Work/Life Balance,Male,22,India,Bachelors,Asian Or Asian American,20000
62a403bbf8d5efcc22f8eb18,Data Analyst,Yes,Tech,Python,Very Difficult,Better Salary,Male,33,India,Bachelors,Asian Or Asian American,20000
62a403d30f8c8599d5b03d65,Data Engineer,No,Government,Python,Very Easy,Better Salary,Male,22,United States,Bachelors,White Or Caucasian,20000
62a4044acf25554317312a81,Data Analyst,Yes,Logistics,R,Neither easy nor difficult,Remote,Male,35,United States,Bachelors,White Or Caucasian,95500
62a4061bf408bae018ee5deb,Data Analyst,Yes,Other,SQL,Easy,Good Work/Life Balance,Female,37,United States,Masters,White Or Caucasian,75500
62a40726575fa3a5ae89d990,Student/Looking/None,Yes,Finance,Python,Very Easy,Better Salary,Male,22,United States,Associates,Other,20000
62a4098124a2626027394ddc,Data Analyst,Yes,Healthcare,Python,Neither easy nor difficult,Better Salary,Male,36,United States,Masters,White Or Caucasian,75500
62a40c99575fa3a5ae89de4b,Data Scientist,Yes,Retail,Python,Easy,Good Work/Life Balance,Male,26,India,Bachelors,Hispanic Or Latino,95500
62a40d86d8c00e9f541afb5e,Data Analyst,Yes,Other,R,Neither easy nor difficult,Good Culture,Female,25,Other,Bachelors,Asian Or Asian American,20000
62a40da3cf255543173132e2,Data Analyst,Yes,Other,R,Neither easy nor difficult,Remote,Female,34,United States,High School,White Or Caucasian,53000
62a40dfa5d257a28a30eb110,Data Analyst,Yes,Other,Python,Difficult,Remote,Male,33,Other,Bachelors,Hispanic Or Latino,20000
62a410b5cec54911e9cb8262,Student/Looking/None,No,Retail,Python,Very Difficult,Good Work/Life Balance,Male,37,United States,Bachelors,White Or Caucasian,53000
62a41135bc6861bf3177f3d8,Data Analyst,No,Marketing,Python,Very Easy,Better Salary,Female,54,United States,High School,White Or Caucasian,75500
62a41795cec54911e9cb8854,Data Analyst,Yes,Finance,Python,Very Easy,Better Salary,Male,26,India,Bachelors,Asian Or Asian American,20000
62a41964d8c00e9f541b061d,Data Analyst,No,Education,R,Neither easy nor difficult,Better Salary,Female,27,United States,Masters,Hispanic Or Latino,53000
62a41968f8d5efcc22f8fd44,BI Developer,Yes,Telecommunication,SQL,Difficult,Better Salary,Male,24,United Kingdom,Bachelors,White Or Caucasian,20000
62a41e23bc6861bf3177fffb,Data Analyst,Yes,Finance,Python,Neither easy nor difficult,Better Salary,Male,24,Other,Bachelors,White Or Caucasian,20000
62a421cebc6861bf317803f5,Other,Yes,Consulting,Python,Neither easy nor difficult,Better Salary,Male,27,Other,Bachelors,White Or Caucasian,20000
62a42243f8d5efcc22f90c55,Student/Looking/None,No,NA,Python,Very Difficult,Remote,Male,25,Other,Bachelors,Asian Or Asian American,20000
62a424ccd8c00e9f541b114e,Data Analyst,Yes,Tech,Python,Difficult,Better Salary,Female,28,United Kingdom,Masters,Black Or African American,20000
62a42527b4da29969c6423f7,BI Developer,No,Education,Python,Easy,Remote,Male,21,United States,Bachelors,Asian Or Asian American,53000
62a425ec2e54c9003e5467bf,Data Analyst,Yes,Healthcare,Other,Difficult,Good Work/Life Balance,Female,28,United States,Bachelors,White Or Caucasian,95500
62a427190a77c1a77f67095c,Data Analyst,Yes,Tech,Python,Neither easy nor difficult,Remote,Male,30,Other,Masters,Black Or African American,20000
62a429f0f3072dd892636396,Data Analyst,No,Education,Python,Easy,Remote,Male,24,Other,Associates,Black Or African American,20000
62a42d6ef8d5efcc22f9178a,Data Analyst,Yes,Healthcare,Python,Difficult,Remote,Male,26,India,Bachelors,Indian,20000
62a436fd24a2626027397c93,Data Analyst,Yes,Tech,Python,Neither easy nor difficult,Good Work/Life Balance,Female,19,Other,High School,Asian Or Asian American,20000
62a43e86f408bae018ee913a,Student/Looking/None,No,Other,Python,Neither easy nor difficult,Good Work/Life Balance,Female,92,India,Masters,Asian Or Asian American,20000
62a43ed4f8d5efcc22f92d0a,Data Analyst,Yes,Healthcare,Python,Neither easy nor difficult,Remote,Male,28,Nigeria,Bachelors,Black Or African American,20000
62a43f43f408bae018ee9281,Student/Looking/None,Yes,Education,Python,Neither easy nor difficult,Better Salary,Female,24,India,Masters,Asian Or Asian American,20000
62a440ab575fa3a5ae8a1418,Other,No,Healthcare,Python,Easy,Better Salary,Male,25,United States,Masters,Asian Or Asian American,53000
62a441e3575fa3a5ae8a1552,Data Analyst,Yes,Finance,Python,Neither easy nor difficult,Good Work/Life Balance,Male,42,United Kingdom,Masters,Black Or African American,53000
62a446faf8f7561645868c60,Data Analyst,Yes,Tech,Python,Difficult,Better Salary,Male,21,India,Bachelors,Asian Or Asian American,20000
62a448832e54c9003e5491c5,Data Analyst,No,Healthcare,Python,Easy,Better Salary,Male,24,United States,Bachelors,White Or Caucasian,75500
62a44ae2f8f7561645869335,Data Analyst,Yes,Healthcare,Python,Neither easy nor difficult,Better Salary,Female,26,United States,Bachelors,White Or Caucasian,53000
62a44bc7bc6861bf31783829,Data Analyst,Yes,Other,Python,Difficult,Better Salary,Male,30,United Kingdom,Bachelors,White Or Caucasian,20000
62a44ea3f408bae018eea62a,Data Engineer,Yes,Marketing,SQL,Neither easy nor difficult,Good Culture,Male,27,United States,Bachelors,Black Or African American,95500
62a4514ff408bae018eea94d,Data Engineer,Yes,Tech,Python,Easy,Better Salary,Male,28,India,Bachelors,Asian Or Asian American,20000
62a45a140a77c1a77f67469d,Data Analyst,No,Government,SQL,Easy,Better Salary,Female,29,United Kingdom,Bachelors,White Or Caucasian,75500
62a45c8bf3072dd89263a493,Data Analyst,No,Other,Python,Easy,Good Work/Life Balance,Female,26,India,Bachelors,Asian Or Asian American,20000
62a45f8c0f8c8599d5b09d40,Data Engineer,Yes,Finance,Python,Neither easy nor difficult,Remote,Male,29,Nigeria,Bachelors,Black Or African American,20000
62a4604d0a77c1a77f674e29,Data Analyst,No,Finance,None,Easy,Remote,Male,60,United Kingdom,Masters,White Or Caucasian,75500
62a46a66f8d5efcc22f95a7a,Data Analyst,Yes,Healthcare,Python,Neither easy nor difficult,Better Salary,Male,25,Nigeria,Bachelors,Black Or African American,20000
62a46ad7d8c00e9f541b664a,Data Analyst,No,Construction,R,Neither easy nor difficult,Good Work/Life Balance,Female,37,Nigeria,Masters,African,20000
62a46dbecf25554317319e48,Data Analyst,Yes,Finance,Python,Neither easy nor difficult,Better Salary,Female,30,Canada,Bachelors,Asian Or Asian American,75500
62a475dcf408bae018eed15c,Data Analyst,Yes,Healthcare,Python,Neither easy nor difficult,Better Salary,Female,27,Nigeria,Masters,Black Or African American,20000
62a477f0b4da29969c64892f,Data Scientist,Yes,Tech,R,Difficult,Other,Male,31,United States,PhD,White Or Caucasian,225000
62a47947cec54911e9cbf6b2,Student/Looking/None,No,NA,R,Neither easy nor difficult,Good Work/Life Balance,Male,24,United Kingdom,Masters,Asian Or Asian American,20000
62a47c587dc029e2d66d9782,Data Analyst,No,Finance,Other,Neither easy nor difficult,Better Salary,Female,20,United States,Bachelors,Black Or African American,20000
62a47e3ef3072dd89263c8c0,BI Developer,No,Tech,R,Easy,Good Work/Life Balance,Male,24,India,Bachelors,Asian Or Asian American,20000
62a47e812e54c9003e54d789,Student/Looking/None,Yes,Manufacturing,R,Neither easy nor difficult,Good Work/Life Balance,Male,24,Other,Bachelors,White Or Caucasian,20000
62a47ea87dc029e2d66d9b60,Student/Looking/None,No,Other,R,Neither easy nor difficult,Good Work/Life Balance,Male,41,Other,Bachelors,Hispanic Or Latino,20000
62a47f1e0a77c1a77f677174,Data Analyst,Yes,Tech,R,Difficult,Better Salary,Male,41,United States,Bachelors,White Or Caucasian,95500
62a48566b4da29969c64995a,Other,No,Retail,Python,Neither easy nor difficult,Good Culture,Male,43,United States,Bachelors,White Or Caucasian,187500
62a48612d8c00e9f541b86b8,Data Analyst,No,Healthcare,Python,Easy,Remote,Female,38,United States,Bachelors,White Or Caucasian,75500
62a487167dc029e2d66da73e,Data Analyst,Yes,Retail,Python,Neither easy nor difficult,Better Salary,Female,28,Other,Bachelors,Asian Or Asian American,20000
62a488197dc029e2d66da8a1,Data Analyst,Yes,Healthcare,Python,Neither easy nor difficult,Good Culture,Female,31,Germany,Bachelors,Hispanic Or Latino,95500
62a48c4c24a262602739e141,Data Analyst,Yes,Government,Other,Difficult,Good Work/Life Balance,Female,28,United States,Masters,White Or Caucasian,95500
62a48cbdf408bae018eeeccf,Data Analyst,No,Healthcare,C/C++,Easy,Remote,Male,23,United States,Masters,Asian Or Asian American,53000
62a48d4df8d5efcc22f98308,Data Analyst,No,Other,Python,Neither easy nor difficult,Better Salary,Male,25,United Kingdom,Bachelors,Black Or African American,53000
62a48d562e54c9003e54ea2b,Other,No,Tech,R,Difficult,Remote,Male,26,Other,Masters,White Or Caucasian,20000
62a48da6b4da29969c64a3a5,Data Scientist,Yes,Finance,Python,Difficult,Good Work/Life Balance,Male,35,United States,Bachelors,White Or Caucasian,137500
62a49012f408bae018eef16d,Data Analyst,Yes,Retail,R,Neither easy nor difficult,Remote,Male,30,Other,Masters,White Or Caucasian,115500
62a491b3b4da29969c64a89e,Data Analyst,Yes,Tech,R,Neither easy nor difficult,Better Salary,Male,35,United Kingdom,Bachelors,White Or Caucasian,95500
62a4926ef408bae018eef4ee,Data Analyst,Yes,Telecommunication,Python,Easy,Better Salary,Male,28,Other,Bachelors,Hispanic Or Latino,20000
62a495d724a262602739ee07,Student/Looking/None,No,Tech,Python,Easy,Good Work/Life Balance,Female,24,Nigeria,Bachelors,Black Or African American,20000
62a49b3cb4da29969c64b5dc,Data Analyst,Yes,Tech,Python,Neither easy nor difficult,Good Culture,Female,34,United States,Bachelors,White Or Caucasian,53000
62a49e087dc029e2d66dc57e,Data Analyst,Yes,Tech,Python,Neither easy nor difficult,Good Work/Life Balance,Female,31,Germany,Masters,White Or Caucasian,53000
62a49e47b4da29969c64b9f9,Data Analyst,Yes,Tech,Python,Difficult,Good Work/Life Balance,Male,30,United Kingdom,Masters,Asian Or Asian American,20000
62a49e5f24a262602739f9af,Data Engineer,Yes,Logistics,Javascript,Difficult,Better Salary,Male,40,United Kingdom,Bachelors,White Or Caucasian,95500
62a49fe7b4da29969c64bbe1,Data Analyst,No,Consulting,R,Very Difficult,Better Salary,Male,26,United States,Bachelors,Hispanic Or Latino,53000
62a4a3d4f8d5efcc22f9a051,Data Analyst,No,Healthcare,R,Neither easy nor difficult,Good Culture,Male,25,United States,Bachelors,White Or Caucasian,137500
62a4a8cb0a77c1a77f67a405,Data Analyst,Yes,Other,SQL,Easy,Good Culture,Male,45,Other,Associates,White Or Caucasian,20000
62a4abb30f8c8599d5b0fc24,Data Analyst,No,Finance,R,Neither easy nor difficult,Good Culture,Male,26,United States,Masters,Black Or African American,53000
62a4afd87dc029e2d66ddb24,Data Scientist,No,Finance,Python,Neither easy nor difficult,Good Work/Life Balance,Male,26,India,Masters,Indian,20000
62a4b085cec54911e9cc3afe,Other,Yes,Finance,Python,Difficult,Better Salary,Male,23,India,Masters,Asian Or Asian American,20000
62a4b23f5d257a28a30f6b8c,Data Engineer,Yes,Tech,Python,Neither easy nor difficult,Good Work/Life Balance,Male,25,India,Masters,Asian Or Asian American,115500
62a4b29a5d257a28a30f6c63,Data Analyst,Yes,Healthcare,R,Neither easy nor difficult,Better Salary,Female,33,United States,High School,White Or Caucasian,53000
62a4b2e5f8f75616458712af,Data Analyst,No,Other,SQL,Very Easy,Learning New Skills,Male,33,India,Bachelors,Asian Or Asian American,20000
62a4b6c30a77c1a77f67b54c,Data Analyst,Yes,Healthcare,R,Easy,Good Culture,Male,27,United States,Bachelors,White Or Caucasian,95500
62a4bf07b4da29969c64e4f8,Data Analyst,Yes,Tech,Python,Difficult,Remote,Female,28,United States,Masters,Hispanic Or Latino,115500
62a4bf3a0a77c1a77f67bef2,Data Analyst,Yes,Tech,Python,Very Easy,Better Salary,Male,32,United States,Bachelors,Hispanic Or Latino,75500
62a4c49a575fa3a5ae8aadf4,Data Analyst,Yes,Tech,Python,Neither easy nor difficult,Better Salary,Male,35,India,Masters,Asian Or Asian American,20000
62a4c57af3072dd8926421ac,Data Analyst,Yes,Government,Python,Neither easy nor difficult,Good Culture,Male,34,United States,Masters,Hispanic Or Latino,95500
62a4c6060a77c1a77f67c772,Data Analyst,No,Other,Python,Easy,Better Salary,Male,27,Germany,Masters,White Or Caucasian,53000
62a4c7d0f8f7561645872912,Database Admin,Yes,Education,R,Easy,Good Culture,Female,30,United States,Masters,White Or Caucasian,75500
62a4cdfad8c00e9f541bdc6b,Data Analyst,No,Logistics,Python,Neither easy nor difficult,Better Salary,Male,34,United States,Masters,White Or Caucasian,75500
62a4ce2bbae91e4b8b84f3db,Data Analyst,No,Other,Python,Neither easy nor difficult,Remote,Female,22,United States,Bachelors,White Or Caucasian,53000
62a4cffeb4da29969c64f6a1,Data Analyst,Yes,Finance,Python,Very Difficult,Good Work/Life Balance,Female,33,India,Masters,Asian Or Asian American,20000
62a4d08bf3072dd892642d2c,Data Analyst,No,Finance,Python,Neither easy nor difficult,Better Salary,Female,26,India,Masters,Asian Or Asian American,20000
62a4d13bbae91e4b8b84f89b,Data Engineer,Yes,Tech,Python,Neither easy nor difficult,Better Salary,Male,28,Other,Bachelors,Hispanic Or Latino,20000
62a4d74c5d257a28a30f97fc,Other,No,Other,Python,Difficult,Remote,Male,42,United Kingdom,Bachelors,Other,20000
62a4d7f6bae91e4b8b84ffed,Data Analyst,No,Other,R,Neither easy nor difficult,Better Salary,Male,30,Other,Masters,African,20000
62a4d9d4bae91e4b8b8501f1,Data Scientist,Yes,Tech,SQL,Difficult,Better Salary,Male,25,United States,Associates,White Or Caucasian,115500
62a4dd63f408bae018ef4e51,Data Analyst,Yes,Construction,Python,Easy,Better Salary,Male,32,United States,Bachelors,Black Or African American,53000
62a4e34d7dc029e2d66e10b9,Data Analyst,No,Tech,Python,Neither easy nor difficult,Better Salary,Male,31,Germany,Masters,Asian Or Asian American,20000
62a4e4c90f8c8599d5b13d8f,Data Analyst,Yes,Education,Python,Easy,Remote,Male,30,Other,High School,White Or Caucasian,187500
62a4e5aed8c00e9f541bf48c,Student/Looking/None,Yes,Retail,Python,Neither easy nor difficult,Better Salary,Male,23,Canada,Bachelors,Asian Or Asian American,20000
62a4f6eef3072dd892645775,Database Admin,No,Education,R,Easy,Remote,Female,31,United Kingdom,Bachelors,White Or Caucasian,75500
62a4fe370f8c8599d5b158c4,Data Analyst,No,Other,Python,Neither easy nor difficult,Good Work/Life Balance,Female,29,Other,Masters,Black Or African American,53000
62a5008c5d257a28a30fbde5,Data Analyst,Yes,Tech,Python,Neither easy nor difficult,Remote,Male,24,Nigeria,Bachelors,African,20000
62a5038acec54911e9cc9526,Data Analyst,No,Government,Python,Neither easy nor difficult,Better Salary,Male,36,United States,Masters,Asian Or Asian American,53000
62a50775f8f756164587677b,Data Analyst,Yes,Government,R,Difficult,Remote,Female,32,United States,Masters,White Or Caucasian,53000
62a50eddf8d5efcc22fa1a4e,Data Analyst,Yes,Healthcare,Python,Difficult,Remote,Female,36,United States,Bachelors,White Or Caucasian,95500
62a511acbc6861bf3179178a,Data Engineer,No,Healthcare,SQL,Easy,Better Salary,Male,30,United States,Bachelors,White Or Caucasian,115500
62a5177d18134ddc75d0e9d8,Student/Looking/None,Yes,NA,R,Neither easy nor difficult,Good Work/Life Balance,Male,42,Other,Masters,Black Or African American,20000
62a51aaacec54911e9cca93b,Data Analyst,Yes,Healthcare,DAX,Easy,Remote,Male,53,Other,PhD,White Or Caucasian,95500
62a51dc6575fa3a5ae8b09f3,Data Analyst,No,Finance,Python,Neither easy nor difficult,Better Salary,Male,25,Other,High School,Indian,20000
62a51fe0575fa3a5ae8b0c06,Data Analyst,No,Healthcare,Python,Neither easy nor difficult,Better Salary,Male,23,Other,Bachelors,White Or Caucasian,20000
62a525aff8f75616458784dd,Data Analyst,Yes,Other,Python,Difficult,Better Salary,Male,36,Other,Bachelors,Other,20000
62a52629b4da29969c654a94,Data Analyst,Yes,Healthcare,SQL,Easy,Good Work/Life Balance,Male,32,Other,Bachelors,African,53000
62a52725d8c00e9f541c3b4a,Data Analyst,No,Finance,Python,Difficult,Other,Male,25,United States,Masters,Hispanic Or Latino,95500
62a5390cb4da29969c655ccc,Data Engineer,Yes,Tech,Python,Neither easy nor difficult,Remote,Female,35,United Kingdom,Masters,Asian Or Asian American,53000
62a53bc0bc6861bf31793947,Data Analyst,Yes,Other,R,Very Easy,Better Salary,Male,26,United States,Bachelors,White Or Caucasian,75500
62a53c84f3072dd8926495c9,Student/Looking/None,No,Tech,Python,Difficult,Remote,Male,22,United States,Bachelors,White Or Caucasian,20000
62a54bccf3072dd89264a13b,Data Scientist,Yes,Automotive,Python,Neither easy nor difficult,Better Salary,Male,30,Canada,Masters,Asian Or Asian American,95500
62a54f20d8c00e9f541c5cfa,Data Analyst,Yes,Logistics,Python,Neither easy nor difficult,Better Salary,Male,36,United States,Masters,White Or Caucasian,75500
62a552e1cf2555431732922d,Data Analyst,Yes,Healthcare,R,Neither easy nor difficult,Other,Female,30,United States,Masters,White Or Caucasian,75500
62a557d10f8c8599d5b1a81c,Data Scientist,Yes,Finance,Python,Difficult,Remote,Male,29,United States,Bachelors,Asian Or Asian American,115500
62a55b05f8d5efcc22fa5b65,BI Analyst,Yes,Other,R,Difficult,Other,Male,30,United States,Masters,White Or Caucasian,75500
62a55fe1f8d5efcc22fa5fe4,Data Engineer,No,Finance,Python,Very Easy,Better Salary,Male,24,United States,Bachelors,Black Or African American,53000
62a56bc67dc029e2d66e86c0,Data Engineer,Yes,Tech,SQL,Neither easy nor difficult,Better Salary,Male,33,United States,Bachelors,Asian Or Asian American,225000
62a57116f408bae018efd56a,Data Analyst,No,Other,Python,Easy,Better Salary,Female,42,United States,Bachelors,White Or Caucasian,115500
62a57263cec54911e9ccf648,Data Analyst,Yes,Healthcare,Python,Neither easy nor difficult,Better Salary,Female,36,United States,Bachelors,White Or Caucasian,53000
62a574b3b4da29969c658eb4,Data Analyst,Yes,Other,Python,Neither easy nor difficult,Better Salary,Male,27,United States,Bachelors,White Or Caucasian,53000
62a58b267dc029e2d66ea3f8,Data Analyst,No,Tech,Python,Easy,Learning New Skills,Female,21,India,Bachelors,Asian Or Asian American,20000
62a58d20575fa3a5ae8b6969,Data Analyst,Yes,Healthcare,Python,Difficult,Remote,Female,34,Other,Masters,White Or Caucasian,53000
62a58faf2e54c9003e55ef2e,Student/Looking/None,No,Education,Python,Difficult,Better Salary,Male,27,Other,Bachelors,White Or Caucasian,20000
62a5998fbc6861bf31798ef0,BI Analyst,Yes,Tech,Python,Neither easy nor difficult,Good Culture,Male,27,Other,Masters,White Or Caucasian,20000
62a59cd2cec54911e9cd251a,Student/Looking/None,No,Education,R,Neither easy nor difficult,Good Work/Life Balance,Male,30,Other,Associates,African,20000
62a59d007dc029e2d66eb8f9,Data Analyst,Yes,Government,SQL,Difficult,Better Salary,Female,33,United States,Bachelors,White Or Caucasian,75500
62a5a124cec54911e9cd29f5,Data Analyst,Yes,Finance,Python,Difficult,Good Culture,Male,47,India,Masters,Other,95500
62a5a44b24a26260273af0fc,Data Analyst,Yes,Retail,SQL,Difficult,Better Salary,Male,27,United States,Masters,Asian Or Asian American,75500
62a5a931cec54911e9cd3333,Data Analyst,No,Healthcare,Python,Neither easy nor difficult,Better Salary,Male,26,India,Bachelors,Asian Or Asian American,20000
62a5bea05d257a28a3106f7e,Data Analyst,No,Finance,Python,Neither easy nor difficult,Remote,Female,35,India,Masters,Asian Or Asian American,20000
62a5c571575fa3a5ae8baaa1,Data Analyst,Yes,Education,Python,Neither easy nor difficult,Good Culture,Male,31,United States,Masters,Hispanic Or Latino,95500
62a5cb12cf25554317330d69,Data Analyst,Yes,Education,Python,Difficult,Remote,Male,25,Other,Bachelors,Black Or African American,20000
62a5cba2575fa3a5ae8bb122,Data Engineer,Yes,Government,Python,Easy,Remote,Male,27,United States,Bachelors,White Or Caucasian,75500
62a5d350f3072dd892652c70,Data Analyst,Yes,Tech,Python,Neither easy nor difficult,Good Culture,Male,32,Other,Bachelors,White Or Caucasian,53000
62a5db29cf2555431733248f,Student/Looking/None,Yes,Government,Python,Difficult,Good Work/Life Balance,Male,47,Other,Bachelors,White Or Caucasian,20000
62a5e69f24a26260273b42bf,Other,No,Finance,Python,Neither easy nor difficult,Good Work/Life Balance,Female,30,United States,Masters,Asian Or Asian American,75500
62a5ea667dc029e2d66f153d,Data Analyst,Yes,Other,Python,Easy,Better Salary,Female,35,United States,Masters,Black Or African American,115500
62a5ebe05d257a28a310ac53,Data Analyst,Yes,Finance,Python,Difficult,Remote,Male,25,United States,High School,Hispanic Or Latino,53000
62a5edb2575fa3a5ae8bdba5,Database Admin,No,Other,Python,Neither easy nor difficult,Better Salary,Male,27,United States,Bachelors,White Or Caucasian,75500
62a5edba0a77c1a77f68f1b5,Data Analyst,Yes,Healthcare,R,Difficult,Remote,Female,27,United States,Masters,Black Or African American,53000
62a5f332bc6861bf3179f631,Student/Looking/None,No,Other,Python,Very Easy,Better Salary,Female,23,India,Masters,Asian Or Asian American,20000
62a5f872bae91e4b8b861e53,Data Scientist,No,Manufacturing,Python,Neither easy nor difficult,Good Culture,Male,18,United States,Bachelors,White Or Caucasian,53000
62a609b8f8f75616458875b7,Data Analyst,Yes,Healthcare,Python,Easy,Remote,Female,28,Other,Masters,Hispanic Or Latino,20000
62a609c4bc6861bf317a10a3,Data Analyst,Yes,Healthcare,Python,Easy,Remote,Male,28,United States,Bachelors,White Or Caucasian,137500
62a61076f8f7561645887ded,Student/Looking/None,No,NA,Python,Easy,Good Work/Life Balance,Female,26,United States,Bachelors,Other,20000
62a615fd18134ddc75d1f1fa,Student/Looking/None,No,Education,Python,Difficult,Better Salary,Male,27,Other,Bachelors,Black Or African American,20000
62a617c30a77c1a77f6925fc,Data Analyst,No,Tech,Python,Neither easy nor difficult,Good Work/Life Balance,Female,22,India,Masters,Asian Or Asian American,53000
62a618a9d8c00e9f541d3537,Data Analyst,Yes,Tech,R,Very Difficult,Better Salary,Male,27,United States,High School,White Or Caucasian,20000
62a61eb02e54c9003e5697f7,Data Engineer,Yes,Other,Python,Neither easy nor difficult,Good Work/Life Balance,Male,28,India,Bachelors,Asian Or Asian American,20000
62a6246df3072dd892659218,Data Analyst,Yes,Tech,Python,Neither easy nor difficult,Better Salary,Male,25,Nigeria,High School,Black Or African American,20000
62a62a7124a26260273b94fa,Data Analyst,No,Healthcare,Python,Difficult,Better Salary,Male,32,United Kingdom,Bachelors,Hispanic Or Latino,20000
62a631782e54c9003e56ac36,Student/Looking/None,Yes,Finance,SQL,Easy,Remote,Male,33,Other,Bachelors,White Or Caucasian,20000
62a633b4d8c00e9f541d54a4,Data Analyst,No,Government,Python,Easy,Remote,Male,23,Canada,Masters,Black Or African American,53000
62a639e05d257a28a3110ef5,Student/Looking/None,Yes,Finance,R,Neither easy nor difficult,Remote,Female,40,Nigeria,Bachelors,Black Or African American,20000
62a642690f8c8599d5b2ab37,Data Analyst,Yes,Other,Python,Easy,Better Salary,Female,28,United Kingdom,Bachelors,Asian Or Asian American,53000
62a64b4dd8c00e9f541d6d81,Data Analyst,No,Government,R,Difficult,Remote,Male,26,Nigeria,High School,Black Or African American,20000
62a64c6ecf2555431733a7a4,Other,Yes,Tech,Python,Difficult,Better Salary,Female,24,India,Bachelors,Asian Or Asian American,20000
62a654165d257a28a3112ac9,Other,Yes,Finance,Python,Neither easy nor difficult,Remote,Female,40,United States,Associates,Other,95500
62a65618d8c00e9f541d783a,Data Analyst,Yes,Consulting,Python,Neither easy nor difficult,Better Salary,Male,26,United States,Bachelors,Black Or African American,75500
62a65db824a26260273bc9ff,Data Scientist,Yes,Other,Python,Easy,Good Culture,Female,44,United Kingdom,Bachelors,White Or Caucasian,53000
62a66558cf2555431733c0f9,Other,Yes,Other,Python,Neither easy nor difficult,Better Salary,Male,36,United States,Masters,White Or Caucasian,75500
62a6772c18134ddc75d25895,Data Analyst,Yes,Other,Python,Neither easy nor difficult,Better Salary,Male,30,Other,Bachelors,Hispanic Or Latino,20000
62a68f1e0a77c1a77f69a381,Other,Yes,Other,Python,Very Easy,Good Work/Life Balance,Male,48,Other,Masters,Other,20000
62a6a11a0a77c1a77f69b7cb,Data Analyst,Yes,Construction,Other,Easy,Better Salary,Female,30,Canada,Masters,Asian Or Asian American,53000
62a6ac1524a26260273c1cd0,Data Engineer,No,Telecommunication,Python,Difficult,Better Salary,Male,28,India,Bachelors,Other,20000
62a6b0790a77c1a77f69cb15,Data Engineer,No,Tech,Python,Difficult,Better Salary,Male,25,India,Bachelors,Indian,20000
62a6bc6a18134ddc75d2a726,Data Analyst,No,Tech,SQL,Easy,Better Salary,Male,24,United States,Masters,Other,115500
62a6c3d9cec54911e9ce7669,Data Analyst,Yes,Other,Python,Easy,Better Salary,Male,31,United States,Bachelors,Black Or African American,53000
62a6d037cec54911e9ce862a,Data Engineer,No,Government,Python,Easy,Better Salary,Male,23,United Kingdom,Bachelors,Other,20000
62a6d2532e54c9003e575d9c,Data Analyst,No,Other,DAX,Easy,Good Culture,Female,48,United Kingdom,Masters,White Or Caucasian,53000
62a6dbcad8c00e9f541e1050,Data Analyst,Yes,Healthcare,Python,Neither easy nor difficult,Better Salary,Male,28,United States,Bachelors,Black Or African American,75500
62a6e2815d257a28a311c8f9,Data Analyst,Yes,Retail,Python,Difficult,Better Salary,Male,32,United Kingdom,Masters,Hispanic Or Latino,53000
62a6ea03d8c00e9f541e3594,Data Scientist,Yes,Finance,Python,Neither easy nor difficult,Better Salary,Male,30,Other,Bachelors,Asian Or Asian American,53000
62a7029ff8f7561645899bae,Data Analyst,Yes,Other,Python,Neither easy nor difficult,Good Work/Life Balance,Male,32,Other,Masters,White Or Caucasian,20000
62a7047c24a26260273c9646,Data Analyst,Yes,Tech,Python,Easy,Good Culture,Female,30,Other,Masters,Other,20000
62a70b55cec54911e9cedd98,Data Analyst,Yes,Manufacturing,Python,Neither easy nor difficult,Good Work/Life Balance,Female,35,Other,Masters,White Or Caucasian,20000
62a71930bae91e4b8b878b2b,Student/Looking/None,Yes,Tech,R,Easy,Remote,Female,38,United Kingdom,Masters,Black Or African American,20000
62a73a37f8d5efcc22fcb724,Other,Yes,Retail,Python,Easy,Good Culture,Female,30,United States,Masters,Asian Or Asian American,75500
62a73aa824a26260273d0172,Data Analyst,Yes,Tech,Python,Neither easy nor difficult,Better Salary,Male,48,United States,Bachelors,White Or Caucasian,53000
62a73c5b0a77c1a77f6aba65,Data Analyst,Yes,Finance,SQL,Easy,Remote,Male,32,Canada,Masters,Asian Or Asian American,75500
62a749ebd8c00e9f541efa36,Other,Yes,Telecommunication,Python,Difficult,Good Work/Life Balance,Male,27,India,Bachelors,Other,53000
62a74e28b4da29969c681108,Other,No,Tech,Python,Easy,Other,Male,27,United Kingdom,Masters,White Or Caucasian,53000
62a758185d257a28a312bc94,Student/Looking/None,No,Finance,Python,Neither easy nor difficult,Remote,Male,24,Other,Bachelors,African,20000
62a75a5418134ddc75d3d2f1,Data Scientist,Yes,Finance,R,Difficult,Better Salary,Male,42,United States,PhD,Asian Or Asian American,187500
62a75ed0f8f75616458a5d1a,Data Analyst,No,Tech,Python,Neither easy nor difficult,Better Salary,Male,24,United States,Bachelors,Hispanic Or Latino,53000
62a75f1b575fa3a5ae8e0010,BI Developer,Yes,Tech,Python,Easy,Better Salary,Male,23,India,Bachelors,Asian Or Asian American,20000
62a764ffd8c00e9f541f3cc3,Data Analyst,No,Tech,Python,Neither easy nor difficult,Better Salary,Male,26,India,Bachelors,Asian Or Asian American,20000
62a76c962e54c9003e588661,Data Analyst,No,Other,SQL,Neither easy nor difficult,Better Salary,Male,32,Germany,Bachelors,Black Or African American,53000
62a772da575fa3a5ae8e2a4a,Data Engineer,No,Telecommunication,Python,Neither easy nor difficult,Good Work/Life Balance,Male,35,Other,Bachelors,White Or Caucasian,20000
62a7738a2e54c9003e589598,Data Analyst,Yes,Healthcare,Python,Easy,Good Work/Life Balance,Male,41,United States,High School,White Or Caucasian,115500
62a77967f8d5efcc22fd4c81,Data Analyst,No,Education,Python,Neither easy nor difficult,Better Salary,Male,25,United States,Masters,White Or Caucasian,53000
62a77a37f8d5efcc22fd4e47,Data Analyst,Yes,Construction,Python,Very Difficult,Better Salary,Female,28,United States,Masters,Asian Or Asian American,20000
62a77cb7b4da29969c68743a,Data Analyst,Yes,Other,Python,Neither easy nor difficult,Better Salary,Male,29,United States,Bachelors,White Or Caucasian,53000
62a78743f8f75616458ab6bb,Student/Looking/None,No,Telecommunication,Python,Neither easy nor difficult,Better Salary,Male,19,United States,High School,White Or Caucasian,20000
62a789015d257a28a3132977,Data Analyst,Yes,Other,Python,Neither easy nor difficult,Better Salary,Male,27,India,Bachelors,Asian Or Asian American,53000
62a78f3bf408bae018f2ef51,Student/Looking/None,Yes,Finance,Python,Neither easy nor difficult,Better Salary,Male,25,Other,Bachelors,White Or Caucasian,20000
62a7988bbae91e4b8b88b8ee,Data Analyst,Yes,Other,Python,Difficult,Better Salary,Female,26,Canada,Masters,Asian Or Asian American,53000
62a79c9c2e54c9003e58f0d5,Data Analyst,Yes,Healthcare,Python,Difficult,Good Work/Life Balance,Male,25,Other,Bachelors,White Or Caucasian,20000
62a7b0ae0f8c8599d5b51cd0,Data Analyst,Yes,Manufacturing,Python,Neither easy nor difficult,Remote,Male,25,Other,Bachelors,White Or Caucasian,20000
62a7b283f8d5efcc22fdc189,Data Analyst,Yes,Healthcare,R,Neither easy nor difficult,Good Work/Life Balance,Male,26,Other,Bachelors,Black Or African American,20000
62a7b296f8d5efcc22fdc1ef,Data Analyst,Yes,Education,Python,Neither easy nor difficult,Good Culture,Male,35,United States,Bachelors,White Or Caucasian,137500
62a7bd0e5d257a28a313855c,Data Analyst,Yes,Retail,Python,Difficult,Remote,Male,29,United States,Masters,Black Or African American,95500
62a7be5e5d257a28a313876a,Data Analyst,Yes,Tech,Python,Neither easy nor difficult,Better Salary,Female,41,United States,Associates,Hispanic Or Latino,95500
62a7ce44575fa3a5ae8ece5f,Student/Looking/None,No,Education,Python,Very Difficult,Remote,Female,22,United States,Bachelors,Hispanic Or Latino,20000
62a7e1380f8c8599d5b55fcf,Data Analyst,Yes,Healthcare,None,Difficult,Better Salary,Male,35,United States,Bachelors,Hispanic Or Latino,75500
62a7e2d024a26260273e4448,Data Analyst,Yes,Finance,Python,Very Difficult,Better Salary,Male,30,Other,Bachelors,Asian Or Asian American,75500
62a7ed9c0f8c8599d5b57132,Data Engineer,No,Government,Python,Neither easy nor difficult,Good Culture,Male,37,Canada,Bachelors,Asian Or Asian American,187500
62a7f09a0f8c8599d5b57526,Data Analyst,Yes,Other,Python,Difficult,Better Salary,Female,28,United States,Masters,Black Or African American,75500
62a7fb02f8d5efcc22fe2486,Data Analyst,No,Government,Python,Neither easy nor difficult,Good Culture,Male,23,United States,High School,White Or Caucasian,95500
62a816907dc029e2d6725a33,Student/Looking/None,No,Finance,Python,Neither easy nor difficult,Better Salary,Male,26,United States,High School,Asian Or Asian American,20000
62a84764bc6861bf317d7b86,Data Analyst,No,Logistics,Python,Neither easy nor difficult,Good Work/Life Balance,Male,25,Other,Bachelors,Other,75500
62a84f9af408bae018f41e34,Data Analyst,No,Tech,Python,Neither easy nor difficult,Remote,Male,23,India,Bachelors,Asian Or Asian American,20000
62a85803f8d5efcc22fea92f,Student/Looking/None,Yes,NA,None,Neither easy nor difficult,Good Culture,Male,53,Nigeria,Bachelors,Black Or African American,20000
62a8592f7dc029e2d672c0a8,Data Engineer,Yes,Tech,Python,Neither easy nor difficult,Better Salary,Female,33,Other,Bachelors,White Or Caucasian,20000
62a8643bcec54911e9d14297,Student/Looking/None,Yes,Finance,R,Difficult,Better Salary,Male,39,Other,High School,Black Or African American,20000
62a8665c5d257a28a31474f7,Data Analyst,Yes,Healthcare,Other,Difficult,Better Salary,Female,22,United Kingdom,Bachelors,White Or Caucasian,20000
62a868c5cf2555431737094b,Data Analyst,No,Finance,Python,Easy,Better Salary,Male,24,Germany,Bachelors,White Or Caucasian,53000
62a88e9ff8d5efcc22ff1eb6,Other,No,Energy,Python,Difficult,Good Work/Life Balance,Male,31,Canada,High School,White Or Caucasian,95500
62a89e365d257a28a314fd36,Data Analyst,Yes,Retail,Python,Very Difficult,Better Salary,Male,25,Other,Bachelors,Asian Or Asian American,20000
62a8b6ffbae91e4b8b8aa5c2,Student/Looking/None,No,Tech,R,Neither easy nor difficult,Better Salary,Male,25,India,Bachelors,Asian Or Asian American,20000
62a8bf9e575fa3a5ae907617,Data Analyst,No,Tech,Python,Neither easy nor difficult,Good Work/Life Balance,Male,23,India,Bachelors,Asian Or Asian American,20000
62a8cd29bc6861bf317ea9a2,Other,Yes,Marketing,SQL,Neither easy nor difficult,Remote,Male,23,India,Bachelors,Asian Or Asian American,53000
62a8f477f408bae018f5869d,Data Analyst,No,Healthcare,Python,Difficult,Better Salary,Male,40,United States,High School,White Or Caucasian,95500
62a8fcf5cf25554317384604,Data Analyst,No,Other,C/C++,Neither easy nor difficult,Better Salary,Male,29,United States,Bachelors,Hispanic Or Latino,53000
62a8fe9abc6861bf317f0c01,Data Analyst,Yes,Tech,Python,Difficult,Better Salary,Male,28,India,Bachelors,Other,20000
62a9024d18134ddc75d6e76d,Data Analyst,Yes,Healthcare,R,Very Easy,Better Salary,Female,28,United Kingdom,Masters,Black Or African American,20000
62a95253bae91e4b8b8b91d9,Student/Looking/None,Yes,Telecommunication,Python,Difficult,Good Work/Life Balance,Female,26,India,Masters,Asian Or Asian American,20000
62a960567dc029e2d6749dd8,Data Engineer,No,Construction,Python,Neither easy nor difficult,Better Salary,Male,30,Other,Masters,White Or Caucasian,53000
62a9612bf8d5efcc22007c09,Data Analyst,Yes,Education,SQL,Neither easy nor difficult,Better Salary,Male,27,Other,Bachelors,Asian Or Asian American,75500
62a962380f8c8599d5b7e3fb,Data Analyst,Yes,Retail,None,Very Difficult,Remote,Male,28,Nigeria,Bachelors,Black Or African American,20000
62a993537dc029e2d674e9b5,Data Analyst,No,Education,Python,Neither easy nor difficult,Good Work/Life Balance,Female,38,Nigeria,Masters,Black Or African American,75500
62a9bb81bc6861bf3180079c,Data Analyst,No,Finance,Python,Easy,Good Culture,Male,22,Other,Bachelors,White Or Caucasian,20000
62a9c880f408bae018f6aa1b,Data Analyst,Yes,Energy,Python,Difficult,Better Salary,Male,34,United States,Bachelors,Hispanic Or Latino,95500
62a9e206f3072dd8926bce70,Data Analyst,No,Tech,Python,Easy,Better Salary,Male,26,Other,Bachelors,Asian Or Asian American,20000
62a9f0172e54c9003e5cdc25,Data Analyst,Yes,Tech,Python,Neither easy nor difficult,Better Salary,Female,26,Canada,Bachelors,Asian Or Asian American,75500
62a9f8a4cf2555431739d694,Data Engineer,No,Education,Python,Difficult,Remote,Male,25,Other,Bachelors,Other,75500
62aa121dcec54911e9d446cc,Data Scientist,Yes,Tech,Python,Easy,Other,Male,34,United States,Bachelors,Black Or African American,137500
62aa1734f3072dd8926c4168,BI Developer,Yes,Finance,DAX,Neither easy nor difficult,Good Work/Life Balance,Female,32,Other,Bachelors,Hispanic Or Latino,53000
62aa21e218134ddc75d8be11,Student/Looking/None,No,Construction,R,Difficult,Better Salary,Male,24,United States,Associates,Black Or African American,20000
62aa29852e54c9003e5d50b5,Data Engineer,Yes,Tech,Python,Difficult,Better Salary,Male,26,Other,Bachelors,Hispanic Or Latino,20000
62aa2f44bc6861bf3180fd06,Data Analyst,Yes,Telecommunication,SQL,Difficult,Better Salary,Female,32,Other,Masters,Black Or African American,53000
62aa3454bae91e4b8b8d3249,Data Scientist,No,Tech,R,Neither easy nor difficult,Good Work/Life Balance,Male,40,Other,Masters,White Or Caucasian,53000
62aa34e8f3072dd8926c7d56,Data Analyst,No,Marketing,Python,Easy,Better Salary,Male,27,United States,Bachelors,Black Or African American,20000
62aa356ff8d5efcc22020832,Data Analyst,Yes,Tech,R,Easy,Better Salary,Male,28,United States,Masters,Black Or African American,75500
62aa3e6824a26260274264da,Data Analyst,Yes,Retail,Python,Difficult,Better Salary,Male,30,Nigeria,Bachelors,African,20000
62aa4790f8d5efcc2202266e,Data Analyst,Yes,NA,Python,Difficult,Remote,Male,37,United States,Bachelors,White Or Caucasian,20000
62aa5761bc6861bf318141fc,Other,No,Tech,Javascript,Difficult,Good Culture,Male,32,Other,Bachelors,Asian Or Asian American,53000
62aa5c11f408bae018f7dec0,Data Analyst,Yes,Tech,Python,Neither easy nor difficult,Better Salary,Male,24,Other,Bachelors,Other,53000
62aa956ef8d5efcc22028e3d,Data Analyst,Yes,Tech,Python,Neither easy nor difficult,Better Salary,Male,39,Other,Associates,White Or Caucasian,20000
62aa95970a77c1a77f709268,Data Analyst,Yes,Finance,Python,Easy,Other,Male,34,Other,Bachelors,Asian Or Asian American,137500
62aa98bfcf255543173adbdc,Data Analyst,No,Other,Python,Neither easy nor difficult,Remote,Male,27,United States,Bachelors,Black Or African American,53000
62aaa387f8d5efcc22029fcb,Data Analyst,Yes,Healthcare,SQL,Difficult,Better Salary,Male,54,United States,High School,White Or Caucasian,75500
62aaa86bbae91e4b8b8dc832,Student/Looking/None,No,Tech,Python,Difficult,Remote,Female,20,India,Bachelors,Asian Or Asian American,20000
62aacd922e54c9003e5e33c2,Student/Looking/None,Yes,Finance,SQL,Neither easy nor difficult,Good Work/Life Balance,Male,25,India,Masters,Asian Or Asian American,20000
62aaeecd0f8c8599d5ba6923,Student/Looking/None,No,Tech,Python,Easy,Good Work/Life Balance,Male,33,India,Bachelors,Asian Or Asian American,20000
62aaf8397dc029e2d6773cde,Data Analyst,Yes,Tech,Python,Very Easy,Remote,Male,30,United Kingdom,Masters,White Or Caucasian,53000
62aaff342e54c9003e5e79b8,Student/Looking/None,Yes,Tech,Python,Neither easy nor difficult,Better Salary,Male,31,Other,High School,Black Or African American,20000
62ab0bdc575fa3a5ae9413e5,Student/Looking/None,Yes,Automotive,Python,Difficult,Remote,Male,22,Other,Masters,Other,20000
62ab1cb0cec54911e9d5d187,Data Analyst,Yes,Tech,R,Neither easy nor difficult,Remote,Female,38,United States,Bachelors,Black Or African American,75500
62ab3e62bae91e4b8b8ebe14,Data Analyst,No,Logistics,Python,Neither easy nor difficult,Good Work/Life Balance,Male,22,Other,Bachelors,Other,20000
62ab6ab318134ddc75dabb09,Data Scientist,Yes,Government,Python,Very Easy,Better Salary,Male,33,India,Bachelors,Asian Or Asian American,20000
62ab83a7d8c00e9f54263d2e,Data Analyst,Yes,Tech,Python,Neither easy nor difficult,Better Salary,Male,27,Canada,Bachelors,White Or Caucasian,53000
62ab8bf65d257a28a319e9cb,Data Analyst,No,Tech,R,Neither easy nor difficult,Remote,Male,19,Other,Bachelors,White Or Caucasian,20000
62abec6cf3072dd8926f2ad0,Other,No,Other,Python,Neither easy nor difficult,Better Salary,Male,24,India,Bachelors,Indian,20000
62abee280f8c8599d5bc246d,Other,No,Finance,None,Very Easy,Good Culture,Female,58,United States,Masters,White Or Caucasian,187500
62acc1f0cf255543173e59f7,Data Analyst,No,Tech,Python,Neither easy nor difficult,Good Work/Life Balance,Male,22,Nigeria,Bachelors,Black Or African American,20000
62ace61d575fa3a5ae972d57,Data Analyst,No,Tech,Python,Neither easy nor difficult,Better Salary,Male,26,Other,Masters,Asian Or Asian American,95500
62acf0890f8c8599d5bdce87,Database Admin,No,Tech,Other,Easy,Good Culture,Female,31,United Kingdom,Bachelors,White Or Caucasian,53000
62ad591424a2626027471080,Data Analyst,No,Other,Python,Neither easy nor difficult,Better Salary,Male,23,United States,High School,Hispanic Or Latino,53000
62ade22318134ddc75de385f,Data Analyst,No,Healthcare,Python,Neither easy nor difficult,Remote,Female,31,United States,Masters,Asian Or Asian American,95500
62adf26f18134ddc75de4bb4,Student/Looking/None,No,Construction,Other,Difficult,Better Salary,Female,24,United States,Bachelors,Asian Or Asian American,75500
62ae680024a2626027483ebc,Data Analyst,Yes,Finance,Python,Neither easy nor difficult,Better Salary,Male,29,Other,Bachelors,Hispanic Or Latino,53000
62aee103f8f756164595adb8,Student/Looking/None,Yes,Education,Python,Difficult,Good Work/Life Balance,Male,26,Other,Bachelors,Asian Or Asian American,20000
62af07be7dc029e2d67cc3c8,Student/Looking/None,Yes,Other,Python,Neither easy nor difficult,Better Salary,Male,20,India,High School,Asian Or Asian American,20000
62af10295d257a28a31e6ff8,Data Analyst,Yes,Education,Python,Neither easy nor difficult,Better Salary,Male,23,India,Bachelors,Asian Or Asian American,20000
62af387018134ddc75df894e,Data Analyst,No,Tech,Python,Neither easy nor difficult,Good Work/Life Balance,Male,33,United States,Masters,White Or Caucasian,115500
62af49025d257a28a31eb2f1,Student/Looking/None,Yes,Tech,Python,Easy,Remote,Male,26,Nigeria,Bachelors,Black Or African American,20000
62af53ce0f8c8599d5c04934,Data Analyst,Yes,Consulting,R,Difficult,Better Salary,Male,27,India,Bachelors,Asian Or Asian American,20000
62af6371f8d5efcc2208e923,Student/Looking/None,No,Other,SQL,Neither easy nor difficult,Better Salary,Male,22,Other,Bachelors,Asian Or Asian American,20000
62af9ed7f3072dd892739279,Data Analyst,Yes,Tech,Python,Easy,Better Salary,Male,23,Other,Masters,White Or Caucasian,20000
62b152960f8c8599d5c31550,Data Analyst,Yes,Other,Python,Neither easy nor difficult,Better Salary,Male,28,Other,Bachelors,Hispanic Or Latino,20000
62b16a5c5d257a28a321a74c,Data Analyst,No,Finance,SQL,Easy,Good Work/Life Balance,Female,39,Other,Masters,White Or Caucasian,53000
62b21d40bae91e4b8b985154,BI Analyst,No,Logistics,Python,Neither easy nor difficult,Better Salary,Male,37,United States,Masters,White Or Caucasian,115500
62b27004bc6861bf318c9038,BI Developer,Yes,Education,SQL,Difficult,Better Salary,Female,29,United States,Masters,White Or Caucasian,53000
62b2ea87f8d5efcc220e3e21,Data Analyst,Yes,Finance,Python,Easy,Good Work/Life Balance,Male,42,United States,Masters,White Or Caucasian,115500
62b35284cec54911e9e1818c,Student/Looking/None,No,Tech,R,Neither easy nor difficult,Good Culture,Female,25,Canada,Bachelors,Asian Or Asian American,20000
62b4404df31287f32e14d1c1,BI Developer,Yes,Telecommunication,Python,Easy,Better Salary,Male,66,Other,High School,Black Or African American,20000
62b525563f28f20328aeee5c,Data Analyst,Yes,Retail,R,Easy,Better Salary,Male,26,United States,Bachelors,White Or Caucasian,137500
62b5a3e29bc428d5345f6e89,Data Scientist,No,Manufacturing,R,Difficult,Better Salary,Male,21,United States,Bachelors,White Or Caucasian,20000
62b71083f31287f32e189026,Student/Looking/None,Yes,Tech,Python,Difficult,Better Salary,Male,26,Other,Bachelors,Asian Or Asian American,20000
62b795033b026e423f287ecd,Data Engineer,No,Tech,Python,Easy,Other,Male,24,Other,Bachelors,Hispanic Or Latino,20000
62b89039377223ff07b80fb5,Data Analyst,No,Automotive,Python,Easy,Remote,Male,22,United States,Bachelors,Asian Or Asian American,53000
